time,headset_vel.x,headset_vel.y,headset_vel.z,headset_angularVel.x,headset_angularVel.y,headset_angularVel.z,headset_pos.x,headset_pos.y,headset_pos.z,headset_rot.x,headset_rot.y,headset_rot.z,controller_left_vel.x,controller_left_vel.y,controller_left_vel.z,controller_left_angularVel.x,controller_left_angularVel.y,controller_left_angularVel.z,controller_left_pos.x,controller_left_pos.y,controller_left_pos.z,controller_left_rot.x,controller_left_rot.y,controller_left_rot.z,controller_right_vel.x,controller_right_vel.y,controller_right_vel.z,controller_right_angularVel.x,controller_right_angularVel.y,controller_right_angularVel.z,controller_right_pos.x,controller_right_pos.y,controller_right_pos.z,controller_right_rot.x,controller_right_rot.y,controller_right_rot.z
0.539,-0.1494816,-0.04171099,0.04247965,0.294705,-0.2197306,0.1527412,-0.1583228,0.02027786,0.2461976,353.2341,3.439112,359.6376,-0.1286567,0.3489639,0.2856889,0.9214183,0.005626773,0.0104236,-0.2520049,-0.4045916,0.4862127,326.7079,11.09213,359.7354,-0.1566135,0.5375907,0.09846245,1.908348,0.4514794,-0.04886366,-0.07704557,-0.385317,0.4899276,335.125,357.2868,5.144327,
13.488,-0.1485516,-0.05496433,0.04589587,0.2517163,-0.2256192,0.1730181,-0.1603456,0.01932514,0.2469264,353.1166,3.668581,359.4755,-0.1186207,0.3094875,0.2590903,0.8968922,-0.05451211,-0.005873684,-0.2535289,-0.4018118,0.4894564,326.0573,11.35564,359.5604,-0.150622,0.5140414,0.08140901,1.95452,0.2295944,-0.05210208,-0.07921687,-0.3801468,0.4911924,333.5252,357.4444,5.361915,
26.899,-0.1459854,-0.06491122,0.04969656,0.237598,-0.2267192,0.1924152,-0.1622624,0.01819021,0.2477716,352.9414,3.889445,359.2922,-0.1068809,0.2714733,0.2287512,0.8997182,-0.07378932,0.004333129,-0.25482,-0.3994157,0.4922592,325.3847,11.66338,359.2884,-0.1443035,0.4834062,0.06597891,1.984495,0.02550481,-0.0983622,-0.08107242,-0.3755603,0.4926187,331.9499,357.5874,5.766268,
40.405,-0.1417063,-0.07382693,0.05373695,0.2524827,-0.2300625,0.2005105,-0.1640682,0.01686597,0.2486616,352.728,4.11828,359.1263,-0.09252851,0.2359315,0.1974129,0.8851185,-0.07200889,0.03822849,-0.255958,-0.39751,0.4944304,324.7706,12.01974,358.9407,-0.1299827,0.4534801,0.04977407,2.07277,-0.2735838,-0.1052259,-0.08279349,-0.3713576,0.4939841,330.2595,358.0295,6.317384,
54.543,-0.1359277,-0.08307851,0.05669892,0.2692503,-0.2370947,0.2078962,-0.1657705,0.01545346,0.2494735,352.5174,4.36127,358.9376,-0.07679268,0.2042883,0.1674574,0.8398126,-0.1047868,0.05636819,-0.2567617,-0.3957013,0.4964555,324.2234,12.38109,358.6797,-0.1079784,0.4195952,0.03620915,2.192887,-0.7191176,-0.07369891,-0.0844145,-0.368173,0.4948138,328.4901,358.9355,7.086887,
68.395,-0.1279553,-0.09284676,0.05743371,0.2713305,-0.2405757,0.2160494,-0.1673017,0.01394212,0.2502328,352.3354,4.600616,358.7535,-0.05983192,0.175247,0.1428907,0.6701128,-0.1465371,0.09481036,-0.2572599,-0.3937042,0.4982126,323.9891,12.71371,358.5404,-0.09576994,0.3768684,0.03018424,2.189283,-1.087838,-0.06162358,-0.08646051,-0.3651999,0.4961385,326.9497,359.9276,7.982172,
82.273,-0.1181858,-0.1028589,0.05671534,0.2754972,-0.2431427,0.2050395,-0.1686566,0.01228493,0.2509815,352.1253,4.832697,358.6151,-0.04753441,0.1560735,0.1122338,0.5179536,-0.1927549,0.07060155,-0.2580458,-0.3924075,0.4985664,323.7973,12.90379,358.5819,-0.1005185,0.3324807,0.03001787,2.017616,-1.283497,-0.135232,-0.08857429,-0.3622032,0.4975975,325.7851,0.5981551,9.029406,
95.856,-0.1071553,-0.1126202,0.05416099,0.2857586,-0.2389122,0.1747513,-0.1697425,0.01048684,0.2516685,351.8904,5.030035,358.5102,-0.04035256,0.1465582,0.0734306,0.4518808,-0.3514196,-0.02881966,-0.2583431,-0.3905354,0.4990645,323.4311,13.01937,358.9722,-0.1071238,0.2906922,0.02792314,1.820207,-1.328891,-0.2057053,-0.09018289,-0.3603615,0.4980255,324.7782,1.037315,10.05229,
109.691,-0.09356391,-0.1213222,0.04925941,0.2776843,-0.2256086,0.1419845,-0.1705943,0.008728206,0.2522358,351.7094,5.199305,358.4288,-0.02840333,0.1374854,0.03637385,0.3625507,-0.6183721,-0.07296378,-0.2585028,-0.3891016,0.4990251,323.1231,13.27378,359.6511,-0.1037582,0.2504807,0.01939273,1.580667,-1.251579,-0.190539,-0.09163692,-0.3581864,0.4984104,324.0587,1.470484,10.78426,
123.433,-0.07829359,-0.1244209,0.04283694,0.247193,-0.2068242,0.1244741,-0.1712222,0.007142305,0.2526554,351.5793,5.355633,358.3382,-0.01220483,0.1247586,0.0006090738,0.3122407,-0.9532359,-0.0610489,-0.2588271,-0.3885536,0.4981179,322.7891,13.77055,0.5216268,-0.09501979,0.2159185,0.01063101,1.353356,-0.9545875,-0.1937559,-0.09248448,-0.3563306,0.4994536,323.3544,1.564546,11.16022,
136.99,-0.05984623,-0.1201834,0.03548479,0.2171417,-0.1815189,0.1220676,-0.1715045,0.005806148,0.2529446,351.4605,5.49181,358.2253,0.007811936,0.1091022,-0.02274382,0.2483722,-1.219599,0.02022607,-0.2585384,-0.3876626,0.497741,322.6008,14.46348,1.38078,-0.07586553,0.1833769,-0.009559501,1.284434,-0.7287276,-0.1857112,-0.0930399,-0.3554029,0.4990828,322.4708,1.68993,11.44671,
151.3,-0.03815195,-0.1105518,0.02905033,0.2115192,-0.1664062,0.1276156,-0.17145,0.004627228,0.2532424,351.3043,5.643483,358.099,0.03420714,0.08834126,-0.03876958,0.1942924,-1.431242,0.1280732,-0.2576328,-0.3866821,0.4977779,322.5115,15.31689,2.226382,-0.05579022,0.1506907,-0.02462635,1.191709,-0.5349888,-0.184295,-0.09321129,-0.3551496,0.4986835,321.672,1.727199,11.64594,
165.173,-0.01386255,-0.09849496,0.02335852,0.2244083,-0.1686389,0.1204273,-0.1710743,0.003501117,0.2534784,351.1024,5.81281,358.0079,0.05890328,0.06436051,-0.03987868,0.09031087,-1.46412,0.1465774,-0.2566624,-0.3866321,0.4974031,322.5498,15.85288,3.079872,-0.03892576,0.1188517,-0.02970245,1.094341,-0.5082405,-0.1830116,-0.09353745,-0.3547522,0.4990598,321.0008,1.837315,12.02396,
178.685,0.01198754,-0.08956415,0.01748267,0.2475117,-0.1762358,0.08570847,-0.1703396,0.002275109,0.2536248,350.8714,5.96863,357.9854,0.07643482,0.04522744,-0.0304875,-0.07002264,-1.298407,0.09429919,-0.255139,-0.3861127,0.4973576,322.7444,15.95248,3.848533,-0.02168525,0.08411118,-0.02736271,0.9541242,-0.715968,-0.1531811,-0.09372499,-0.3547299,0.4988889,320.6015,2.138393,12.76511,
192.816,0.037913,-0.08267023,0.0102012,0.2191867,-0.1760601,0.05206301,-0.1692046,0.001278996,0.2535236,350.7746,6.095956,357.9857,0.09236736,0.03170181,-0.02121053,-0.2109094,-1.056378,-0.001888428,-0.2534736,-0.3859408,0.4969379,322.9722,15.7443,4.541375,-0.00899068,0.06281546,-0.02726272,0.8796079,-0.8911747,-0.1163501,-0.09382966,-0.3546619,0.4987891,320.1896,2.514887,13.55856,
206.898,0.06402775,-0.07299002,0.001033172,0.1445508,-0.156636,0.03732622,-0.167661,0.0006604195,0.2532815,350.792,6.184948,357.9789,0.1095402,0.0246889,-0.01884388,-0.2896418,-0.8491704,-0.1020729,-0.2513077,-0.385573,0.4965036,323.1434,15.41313,5.202466,0.004549361,0.04223266,-0.03343743,0.8095385,-0.9797377,-0.1233383,-0.09346662,-0.3548231,0.4984373,319.8233,2.763473,14.39088,
220.408,0.09037124,-0.05757891,-0.008348536,0.06267561,-0.1322163,0.04104496,-0.1656892,0.0004581809,0.2529093,350.8657,6.265138,357.9565,0.1316891,0.02231528,-0.02485237,-0.2962875,-0.7509109,-0.1516934,-0.2488628,-0.3853441,0.4958195,323.2324,15.2067,5.840291,0.02048318,0.02988914,-0.04710403,0.8081408,-1.058708,-0.1630525,-0.09264819,-0.3550544,0.4977189,319.3491,2.924218,15.35553,
234.607,0.1176682,-0.03680743,-0.01724244,0.002753937,-0.1097689,0.04711201,-0.1632518,0.0006399155,0.2524422,350.9355,6.336346,357.9311,0.1608287,0.02158131,-0.03594408,-0.2430111,-0.7404592,-0.1329853,-0.2458711,-0.3851262,0.4949932,323.2514,15.24196,6.40311,0.04780528,0.02115926,-0.05950066,0.8115402,-1.16963,-0.1296755,-0.09130315,-0.3552907,0.496866,318.9331,3.291131,16.30268,
248.447,0.145509,-0.01316807,-0.02450668,-0.0231252,-0.09104553,0.05105191,-0.1604618,0.001119912,0.2519549,350.9752,6.398145,357.9018,0.1964326,0.0201213,-0.04866825,-0.1648778,-0.7431723,-0.04804717,-0.2423945,-0.3848628,0.494128,323.2702,15.5297,6.786591,0.07894021,0.01285284,-0.06716708,0.7514071,-1.216085,-0.09907614,-0.08945835,-0.3555176,0.49608,318.6576,3.619488,17.19361,
262.336,0.1732141,0.01162361,-0.03003585,-0.03745732,-0.0729314,0.04707923,-0.157401,0.001891136,0.2514839,351.0205,6.437355,357.8918,0.2302072,0.02103872,-0.06116946,-0.07863515,-0.7162901,0.008249787,-0.2385829,-0.3845513,0.4930885,323.2276,15.84983,7.068871,0.1211594,0.01114165,-0.07415926,0.6778604,-1.183603,-0.02713841,-0.08681595,-0.3552877,0.4950447,318.4829,4.031116,17.85232,
275.78,0.2010302,0.03746254,-0.03426156,-0.05566369,-0.04296627,0.03438976,-0.1539487,0.003057361,0.2509485,351.0915,6.4234,357.9017,0.2599542,0.02401266,-0.06791514,-0.03422337,-0.6447536,0.02710374,-0.2343919,-0.3841452,0.4922246,323.1942,16.06846,7.307875,0.1621959,0.02150623,-0.08744318,0.7483835,-1.124088,0.04925056,-0.08396629,-0.3551142,0.4938154,318.0467,4.635274,18.32418,
289.834,0.2280917,0.06293923,-0.03700219,-0.06503578,-0.01130423,0.01019751,-0.1502246,0.004463315,0.2504357,351.1436,6.374557,357.9414,0.2850667,0.02553464,-0.06633368,-0.05207173,-0.5286222,0.008912392,-0.2298474,-0.3838205,0.4914937,323.2245,16.08952,7.545665,0.1996065,0.02785144,-0.09707557,0.7149568,-1.088949,0.04970034,-0.0803645,-0.3548655,0.4924555,317.7519,5.018908,18.94444,
303.688,0.2547838,0.08649791,-0.03925683,-0.06405273,0.02459421,-0.007161288,-0.1461266,0.006095648,0.2499219,351.1832,6.296912,357.9633,0.3124795,0.01888968,-0.05282222,-0.2129551,-0.3937001,0.02943824,-0.2247784,-0.3834971,0.49096,323.5839,15.92991,7.817395,0.2335081,0.0355306,-0.1050734,0.6812202,-1.055155,-0.02185659,-0.07636397,-0.3543889,0.4912205,317.4293,5.17641,19.70623,
317.384,0.2794154,0.1059118,-0.04156098,-0.06036259,0.05952598,-0.009816807,-0.1416409,0.007965803,0.2492894,351.2293,6.20183,357.9593,0.3426048,0.007946007,-0.03726815,-0.4165355,-0.3491734,0.1326645,-0.2192881,-0.3831932,0.4904094,324.2354,15.86164,8.124647,0.2659662,0.04350065,-0.1062753,0.6296341,-1.169916,-0.09216184,-0.07184924,-0.3537793,0.4900087,317.2242,5.236849,20.83562,
331.605,0.305785,0.1220812,-0.04451401,-0.0538101,0.08440333,-0.01557549,-0.1367458,0.00988251,0.2485775,351.2595,6.100286,357.9742,0.3729425,-0.003735872,-0.02466074,-0.6132496,-0.3385908,0.2392459,-0.2135599,-0.3829408,0.4899765,325.0646,15.82285,8.456275,0.2996353,0.05249649,-0.1063506,0.6016555,-1.349522,-0.1742478,-0.06673992,-0.3528512,0.4886255,317.0631,5.20864,22.27587,
345.487,0.3334697,0.133376,-0.04864129,-0.04594159,0.1105446,-0.02076745,-0.1315273,0.0118255,0.2477874,351.2908,5.977125,357.9845,0.4008105,-0.01302177,-0.01970798,-0.7346854,-0.3725857,0.3081514,-0.2073759,-0.3828134,0.4892939,325.8937,15.81865,8.849101,0.3429213,0.06941035,-0.117175,0.7039866,-1.504311,-0.2518697,-0.06061298,-0.3516793,0.4868169,316.6848,5.225543,23.83626,
359.103,0.3577822,0.1381033,-0.0525963,-0.03214834,0.1307721,-0.02647154,-0.1260291,0.01369566,0.2469639,351.2894,5.838963,357.9945,0.4436555,-0.01970525,-0.0228529,-0.7447503,-0.4343646,0.4618454,-0.2004663,-0.3826729,0.4885124,326.7335,16.19195,9.017268,0.396624,0.09005618,-0.1368859,0.8803775,-1.629726,-0.3021822,-0.05369292,-0.3503115,0.484722,316.1217,5.364573,25.43346,
373.248,0.3791467,0.1367023,-0.05670227,-0.01530283,0.1518638,-0.03982056,-0.1202478,0.0153693,0.2460684,351.2695,5.675266,358.0243,0.488431,-0.02111668,-0.03502013,-0.6366369,-0.4388807,0.5973583,-0.1930479,-0.3824813,0.4874642,327.4023,16.76995,8.91046,0.4471227,0.1089655,-0.1501733,1.050745,-1.871768,-0.3322523,-0.04644346,-0.3488845,0.4828863,315.5891,5.562693,27.35657,
387.202,0.4005075,0.1285173,-0.0607655,0.002982904,0.1736075,-0.0580822,-0.1141988,0.01673341,0.2451292,351.2357,5.489111,358.0662,0.5308861,-0.02057716,-0.05110192,-0.4706221,-0.3894436,0.667475,-0.1850497,-0.3824998,0.4862367,327.8635,17.37332,8.633291,0.4975417,0.1187892,-0.1595644,1.054419,-2.011404,-0.4045349,-0.03787483,-0.3471132,0.4804131,315.2736,5.432827,29.48277,
401.054,0.4218737,0.1111345,-0.0657102,0.02024378,0.1923899,-0.07511939,-0.1078992,0.0176065,0.244083,351.1892,5.293438,358.1109,0.5782552,-0.02255174,-0.06857865,-0.2328191,-0.3262934,0.7467741,-0.1763208,-0.3828513,0.4849111,328.1398,18.18775,8.079933,0.5671959,0.131568,-0.1818567,1.145517,-1.840583,-0.3619822,-0.02776864,-0.3452733,0.4776035,314.7051,5.703068,30.77968,
414.826,0.4411544,0.086853,-0.07144056,0.02435731,0.210666,-0.07345142,-0.1013172,0.01799405,0.2429641,351.1774,5.095881,358.1247,0.6311148,-0.02973377,-0.08876425,0.0603494,-0.2239454,0.8382245,-0.1667744,-0.3835135,0.4833092,328.2453,19.20825,7.163359,0.6493101,0.1476687,-0.2126764,1.325787,-1.658694,-0.2848201,-0.01726881,-0.3436359,0.4744398,313.8908,6.389794,31.68108,
429.155,0.4599757,0.05590473,-0.07769847,0.005856683,0.2154123,-0.06356002,-0.09452325,0.01780462,0.2417951,351.2146,4.92114,358.1357,0.6886582,-0.04161514,-0.1101138,0.385909,-0.1210023,0.9118685,-0.1564579,-0.3845901,0.4816148,328.1688,20.41323,5.957189,0.7166955,0.1567633,-0.2434702,1.463218,-1.595165,-0.2787317,-0.005788659,-0.3419414,0.4708338,313.072,6.943258,32.85587,
442.6,0.4766058,0.02438331,-0.08395025,-0.04254706,0.2159832,-0.04839992,-0.08753645,0.01722795,0.2405337,351.349,4.753955,358.1495,0.755819,-0.0638923,-0.1303445,0.6996328,-0.05039226,0.9777302,-0.1451643,-0.386281,0.4798366,327.998,21.78992,4.549012,0.7856503,0.1549144,-0.2713354,1.515466,-1.4792,-0.2765934,0.006806343,-0.3405961,0.4670452,312.2811,7.460766,33.86481,
456.128,0.4929309,-0.01060765,-0.09039319,-0.1062429,0.2109076,-0.038568,-0.08034468,0.01620758,0.2391311,351.5311,4.594558,358.1758,0.8141114,-0.09172177,-0.1410274,0.8721154,-0.1190842,1.031558,-0.1334819,-0.388339,0.4782505,327.9368,23.26352,3.334503,0.8536261,0.1458143,-0.2982107,1.667691,-1.50698,-0.2527241,0.02007273,-0.3396042,0.4629726,311.4234,8.211917,35.0281,
470.346,0.5073469,-0.0484379,-0.09616488,-0.1299687,0.2067602,-0.02921294,-0.07301307,0.0144785,0.2376508,351.644,4.437789,358.1798,0.8695854,-0.1252602,-0.1446532,0.9280942,-0.2532792,1.079315,-0.121167,-0.390847,0.47675,328.0049,24.78277,2.318478,0.9166722,0.1311254,-0.3286601,1.892663,-1.58136,-0.2512476,0.03377013,-0.3390355,0.4583797,310.4077,9.162667,36.31069,
484.324,0.5184841,-0.09046865,-0.1014339,-0.1348757,0.1985177,-0.005648916,-0.06568027,0.01204103,0.2361969,351.7579,4.311568,358.1366,0.9203815,-0.1618227,-0.1442866,0.9000608,-0.4083303,1.103537,-0.1082562,-0.3938549,0.4752148,328.176,26.26063,1.529517,0.9822589,0.1009918,-0.3565656,1.952129,-1.599411,-0.2088,0.04868469,-0.3390986,0.453413,309.6187,10.08014,37.48038,
498.001,0.5266768,-0.1374009,-0.10653,-0.1429018,0.188933,0.02098528,-0.05831605,0.008823812,0.2346716,351.8955,4.197622,358.0808,0.9661149,-0.1990339,-0.1450086,0.8445203,-0.5839703,1.085767,-0.09479567,-0.3974341,0.4736091,328.3437,27.70577,0.9688675,1.03578,0.0669073,-0.3744619,1.866293,-1.549101,-0.1406954,0.06394383,-0.3394849,0.4483987,309.0771,10.8805,38.49719,
511.935,0.5321035,-0.1883453,-0.1117235,-0.1754315,0.1717835,0.0386356,-0.05092305,0.004860103,0.2330648,352.1117,4.105142,358.0519,1.00943,-0.2362781,-0.1501736,0.8129093,-0.7669246,1.037494,-0.08073783,-0.4016312,0.4718893,328.4332,29.18076,0.5459577,1.090085,0.02801277,-0.3910141,1.754602,-1.505783,-0.01558247,0.07999488,-0.3403666,0.4429092,308.7813,11.77951,39.36626,
526.058,0.535113,-0.2391372,-0.1164569,-0.2685699,0.1488816,0.04813821,-0.04348862,0.0003929138,0.2313713,352.5109,4.039852,358.0539,1.054512,-0.2744883,-0.1593431,0.805235,-0.9587959,0.9962474,-0.06594042,-0.4063862,0.470024,328.4694,30.75051,0.2082441,1.146441,-0.009599546,-0.4181284,1.730798,-1.446889,0.08476529,0.0967053,-0.341733,0.4367224,308.4638,12.88802,40.05485,
539.734,0.5355109,-0.2806173,-0.1203477,-0.4309865,0.1165846,0.07691363,-0.03609753,-0.004082918,0.2295817,353.1494,4.033737,358.0177,1.10599,-0.3138907,-0.1712494,0.803609,-1.154598,1.009131,-0.05028764,-0.4115795,0.4679966,328.5663,32.47785,359.9215,1.198706,-0.0453776,-0.4561135,1.81758,-1.421987,0.09597704,0.1139791,-0.3437566,0.4299738,307.959,14.10864,40.77526,
553.904,0.5331842,-0.3067704,-0.1233509,-0.6144187,0.07028645,0.1372555,-0.02895308,-0.008414567,0.2278668,353.9321,4.122014,357.9167,1.162138,-0.3506922,-0.1881557,0.8142543,-1.348298,1.051005,-0.03387181,-0.4170573,0.4656158,328.7181,34.35292,359.6716,1.243107,-0.08445375,-0.4978528,1.958174,-1.489071,0.06005827,0.131631,-0.3464571,0.4225999,307.3698,15.36431,41.7308,
567.823,0.5265094,-0.3136386,-0.1234938,-0.7919993,0.006064749,0.2223535,-0.02203155,-0.01235455,0.226246,354.8273,4.29372,357.7508,1.221275,-0.3823436,-0.2105751,0.8147584,-1.682983,1.098827,-0.01672079,-0.4229627,0.4630775,328.8419,36.50016,359.7068,1.285258,-0.1271951,-0.5383053,2.077208,-1.582927,0.02596414,0.1500437,-0.3497975,0.4148552,306.8053,16.58994,42.8563,
581.741,0.5159432,-0.3055991,-0.1206691,-0.8899249,-0.06657859,0.3311519,-0.01529682,-0.0161202,0.2247568,355.6308,4.553828,357.4552,1.284282,-0.4081252,-0.2354848,0.8060201,-2.128755,1.154607,0.001335327,-0.4291627,0.4604996,328.9289,38.93721,0.09206308,1.326509,-0.1692496,-0.5640949,2.19159,-1.742804,0.1041402,0.1688602,-0.35351,0.4069178,306.5464,17.99426,44.1125,
595.309,0.5016767,-0.2937493,-0.1144622,-0.8674315,-0.1588876,0.4755371,-0.008765221,-0.01993018,0.2234025,356.287,4.93735,356.9835,1.363594,-0.4361938,-0.2602324,0.7767287,-2.493541,1.323156,0.020828,-0.4354773,0.4575958,329.3149,41.52024,0.6361411,1.389342,-0.2273665,-0.5987926,2.39061,-2.020396,0.3109151,0.1888758,-0.3579682,0.3977618,306.723,19.76948,45.59325,
609.498,0.4869431,-0.2852923,-0.1050895,-0.7849458,-0.2823007,0.6008621,-0.002326608,-0.02377784,0.2222739,356.869,5.458961,356.5172,1.433226,-0.4566116,-0.2828646,0.7964745,-2.551448,1.492053,0.04088297,-0.4414691,0.4541629,329.9838,43.93674,0.9325401,1.455026,-0.2728101,-0.6387659,2.550555,-2.168311,0.5895604,0.209481,-0.3623185,0.3876305,307.3074,21.92744,46.70272,
623.406,0.474066,-0.2736464,-0.09311931,-0.740324,-0.4352649,0.6346723,0.003954649,-0.02708459,0.2213334,357.4861,6.099772,356.2,1.496978,-0.4620818,-0.3174689,0.9016659,-2.45575,1.568724,0.06163002,-0.4470123,0.4496955,330.7059,46.26694,0.9340826,1.531048,-0.3062666,-0.702937,2.801459,-2.218183,0.9226782,0.2308261,-0.3663425,0.3757993,308.3115,24.83005,47.22939,
636.84,0.4631993,-0.2507776,-0.0802477,-0.7329823,-0.581124,0.5918263,0.01007235,-0.02962989,0.2205456,358.1074,6.807131,355.9926,1.546265,-0.452198,-0.3656384,1.083006,-2.419964,1.545004,0.08265817,-0.4521915,0.4443832,331.2933,48.76245,0.7407533,1.599923,-0.318413,-0.791364,3.118858,-2.074129,1.120967,0.2522414,-0.3699961,0.3623458,309.3716,28.50606,46.87696,
651.057,0.4524528,-0.2154561,-0.06682847,-0.7295083,-0.7019287,0.527665,0.01605266,-0.03142548,0.2199516,358.7019,7.563492,355.8331,1.599673,-0.4227275,-0.4445774,1.376076,-2.543284,1.471112,0.1044853,-0.4564344,0.4376739,331.74,51.78036,0.3104843,1.667291,-0.3199822,-0.9293306,3.446946,-1.698261,1.270081,0.2740015,-0.3734785,0.3459407,310.6299,33.04431,45.2525,
665.057,0.4407268,-0.1741499,-0.05313741,-0.7024874,-0.7955503,0.4918715,0.0218181,-0.03282988,0.2195593,359.2223,8.366231,355.6218,1.641753,-0.3735728,-0.5402897,1.663474,-2.766936,1.336764,0.1265832,-0.4596,0.429771,332.0344,55.16425,359.8086,1.704552,-0.314926,-1.093537,3.6843,-1.270417,1.249766,0.2954408,-0.3768119,0.3270997,311.8739,37.68144,43.07436,
678.643,0.4270343,-0.1388797,-0.04048561,-0.6554126,-0.8688063,0.5133575,0.02735996,-0.03423846,0.2192141,359.7358,9.191518,355.3013,1.667024,-0.3107529,-0.6407659,1.868013,-3.006791,1.163039,0.1486743,-0.4617865,0.4207543,332.1964,58.69769,359.3517,1.714597,-0.3132758,-1.268265,3.866309,-0.9384496,1.11398,0.3165677,-0.3804958,0.3061765,313.1298,42.2324,40.77633,
692.71,0.4106509,-0.1169605,-0.03288028,-0.6369597,-0.9288906,0.5651198,0.03243393,-0.0356949,0.2187597,0.3314597,10.05667,354.9642,1.676411,-0.2438256,-0.7361307,1.974636,-3.192322,1.02843,0.1706803,-0.4631009,0.4106411,332.3859,62.18885,359.0418,1.705208,-0.3221775,-1.436108,4.146897,-0.9660329,0.8836958,0.3371361,-0.3844925,0.283814,314.4581,46.84245,39.03467,
706.594,0.3936782,-0.1030749,-0.03103195,-0.6843559,-0.9691274,0.5972748,0.03734982,-0.0368706,0.2182254,1.058741,10.9066,354.7133,1.676707,-0.1774798,-0.828674,2.114481,-3.221256,0.9151919,0.1925977,-0.463182,0.39923,332.8114,65.63109,358.5438,1.670961,-0.3419087,-1.617871,4.577211,-1.443151,0.5295047,0.3562472,-0.3889369,0.2590951,315.8274,51.7312,38.2804,
720.126,0.3779112,-0.08897243,-0.03054193,-0.7441202,-0.9831806,0.5739251,0.04221582,-0.03768831,0.2178568,1.742556,11.7405,354.5858,1.663072,-0.1002389,-0.9244577,2.235778,-3.164497,0.7111307,0.2139091,-0.4617053,0.3862779,333.2347,68.99892,357.7689,1.611088,-0.3612875,-1.77588,4.807611,-1.910806,0.1616021,0.374134,-0.3933225,0.2328041,317.2392,56.30254,38.09693,
734.376,0.3638664,-0.06979977,-0.02772428,-0.7378454,-0.983646,0.5256387,0.04697537,-0.03806108,0.2176301,2.286673,12.56126,354.4451,1.612785,0.01115896,-1.038996,2.187893,-3.2832,0.4231709,0.2336121,-0.4583341,0.3716365,333.1658,72.47382,357.0812,1.525365,-0.3757552,-1.938627,4.892693,-2.232603,-0.2335911,0.3906122,-0.3977263,0.204207,318.6504,60.72328,38.04269,
748.305,0.351885,-0.04828987,-0.02179143,-0.6281009,-0.9885255,0.4774223,0.05162901,-0.03821212,0.2175401,2.604063,13.37222,354.2467,1.53253,0.1205176,-1.143637,2.02696,-3.68986,0.2393488,0.2519912,-0.4544593,0.3565675,332.5888,76.32225,356.8206,1.415634,-0.3866321,-2.10451,4.927294,-2.538306,-0.6973261,0.4052294,-0.4023553,0.1736269,319.9903,65.1923,38.17121,
762.124,0.3406785,-0.02939366,-0.01328388,-0.4395124,-1.015961,0.4349619,0.05600905,-0.0383814,0.2176458,2.699032,14.22605,353.9702,1.435394,0.219017,-1.240259,1.948279,-4.169168,0.1854539,0.2693314,-0.4497932,0.3408608,331.8858,80.55509,356.8211,1.277397,-0.393239,-2.266252,4.887876,-2.902668,-1.234367,0.4172901,-0.4071066,0.1414326,321.1328,69.71494,38.67347,
775.793,0.3299102,-0.01662927,-0.00454551,-0.2580371,-1.041155,0.4034602,0.06026578,-0.03853816,0.2177852,2.753284,15.05956,353.6492,1.334064,0.2973659,-1.322966,1.977358,-4.505133,0.07983744,0.2856677,-0.4445499,0.3243974,331.2272,84.99879,356.6271,1.109918,-0.3989191,-2.412558,4.731567,-3.199598,-1.713728,0.4266733,-0.4119517,0.1076589,322.1665,74.04652,39.48439,
789.982,0.3184192,-0.01202725,0.002551496,-0.1118249,-1.055418,0.4029565,0.06436551,-0.03889334,0.2179128,2.747821,15.87173,353.249,1.232331,0.3536987,-1.39125,2.014271,-4.60977,-0.2057321,0.3007625,-0.4389451,0.3072524,330.6574,89.50147,355.796,0.9177514,-0.4024361,-2.543852,4.494883,-3.439418,-2.170109,0.4333191,-0.4169371,0.07253285,323.0292,78.27052,40.49717,
803.941,0.3053208,-0.01481068,0.006253883,-0.02672072,-1.051178,0.4221057,0.0682689,-0.03934675,0.217996,2.82871,16.64243,352.8505,1.128261,0.3878324,-1.44738,1.988336,-4.598391,-0.6427676,0.3145261,-0.4332023,0.2896808,330.1938,94.14284,354.1754,0.7108486,-0.4043686,-2.657806,4.263805,-3.703091,-2.66634,0.43748,-0.4220732,0.03672038,323.7392,82.6229,41.74147,
817.434,0.2909667,-0.02335084,0.008691177,0.01734637,-1.025773,0.4493389,0.07188302,-0.03999352,0.2181671,2.913708,17.37793,352.4243,1.017179,0.4058677,-1.487081,1.822473,-4.55914,-1.104368,0.3267768,-0.4274179,0.2720436,329.7645,98.8485,351.8914,0.4983625,-0.4068562,-2.758803,4.10892,-4.040468,-3.326627,0.4383827,-0.4271687,4.296005E-05,324.4578,87.50713,43.2193,
831.527,0.2764986,-0.03411681,0.0106416,0.04120678,-0.9866014,0.4895377,0.07527262,-0.04066604,0.2183651,3.047051,18.05581,351.9405,0.9120096,0.4134066,-1.50437,1.566104,-4.554255,-1.409039,0.3377311,-0.4215731,0.2546414,329.3271,103.5316,349.3298,0.2577519,-0.4117332,-2.839948,3.704995,-4.052508,-3.76839,0.4353511,-0.4326289,-0.03754729,325.015,91.9949,44.4687,
845.527,0.2630442,-0.04537279,0.01240666,0.07532956,-0.9564751,0.5433255,0.07854295,-0.04150623,0.2185949,3.1635,18.72895,351.3837,0.7849993,0.4205329,-1.505578,1.242503,-4.581527,-1.566879,0.3466311,-0.4156465,0.2373081,328.8058,108.1687,346.4882,0.003831029,-0.4162737,-2.888411,3.265448,-3.850431,-4.028996,0.4292117,-0.4376755,-0.07505222,325.7025,96.11763,45.50774,
859.219,0.2509116,-0.05812303,0.01467755,0.1274177,-0.9598486,0.5851378,0.08175933,-0.04265904,0.2188703,3.233703,19.44929,350.7935,0.6592329,0.4206312,-1.490002,1.070117,-4.618879,-1.546431,0.3542154,-0.4096015,0.2209032,328.5282,112.8225,343.8708,-0.2472296,-0.4179493,-2.915356,2.860298,-3.634097,-4.427145,0.4199324,-0.4424382,-0.1120082,326.6404,100.599,46.25911,
873.298,0.2395592,-0.07298464,0.0161822,0.1734798,-0.9756129,0.5871178,0.08485198,-0.04408389,0.2190763,3.265619,20.16579,350.2524,0.5180738,0.4231582,-1.434671,0.8528111,-4.496874,-1.263055,0.3595397,-0.4041737,0.205334,327.9108,116.8069,341.7325,-0.4989882,-0.4184994,-2.916513,2.357958,-3.331668,-4.770141,0.4073362,-0.4471605,-0.148284,327.7522,105.1341,46.61206,
887.241,0.2276854,-0.08910796,0.01745907,0.2002995,-0.9947243,0.568829,0.08768618,-0.04574144,0.2193583,3.289648,20.91163,349.7146,0.396445,0.4113549,-1.381214,0.8814998,-4.465084,-1.036718,0.3641377,-0.3990237,0.1904748,327.57,121.0269,339.7835,-0.7179447,-0.4172554,-2.892983,1.823066,-3.062448,-5.007849,0.3925985,-0.451632,-0.1836133,328.9534,109.5809,46.84369,
901.143,0.2159325,-0.1072176,0.01784021,0.2356441,-1.010053,0.5428082,0.09036237,-0.04777074,0.2196121,3.251725,21.65734,349.1656,0.281362,0.3872468,-1.32092,0.9515919,-4.426866,-0.8868052,0.3675396,-0.3943968,0.1764901,327.422,125.2718,337.8686,-0.9690065,-0.4093553,-2.841476,1.180329,-2.820615,-5.139616,0.3738319,-0.4559093,-0.2176806,330.0977,114.0304,46.74065,
914.974,0.2043526,-0.1262034,0.01730566,0.26287,-1.020116,0.5235378,0.09294993,-0.0500024,0.2198027,3.226704,22.37579,348.621,0.1770068,0.3515538,-1.250278,0.9293035,-4.318475,-0.7978894,0.3696641,-0.3905022,0.1635032,327.4221,129.2849,335.8643,-1.24182,-0.3951777,-2.756038,0.485126,-2.662249,-5.154306,0.3515006,-0.4600943,-0.2501822,331.0926,118.4871,46.42884,
928.967,0.1931062,-0.1433856,0.01601426,0.2562928,-1.010255,0.5078793,0.09533727,-0.05232686,0.21997,3.253823,23.08753,348.1228,0.08460805,0.3053371,-1.168589,0.8323278,-4.179909,-0.7124826,0.370842,-0.3874063,0.1517075,327.5042,133.0674,333.7621,-1.470199,-0.377183,-2.656307,-0.04222208,-2.80724,-5.11054,0.3278234,-0.4643661,-0.2810625,331.6874,122.9522,46.72198,
942.912,0.1811426,-0.1589935,0.01402775,0.2478509,-0.9868401,0.5107793,0.09756351,-0.05481029,0.2201113,3.324866,23.74424,347.5737,0.006589144,0.2496072,-1.076712,0.6708196,-4.011134,-0.6176025,0.371257,-0.3852667,0.1411959,327.6638,136.5698,331.5652,-1.686074,-0.3515807,-2.527903,-0.348853,-3.197138,-5.052284,0.3018878,-0.4686936,-0.3095817,331.681,127.3496,47.91091,
956.606,0.1683693,-0.1717104,0.0122624,0.2541156,-0.9594799,0.549558,0.0994693,-0.0573746,0.2202297,3.425,24.3918,346.9645,-0.05559117,0.1840874,-0.9778581,0.4618716,-3.796106,-0.5276645,0.3709625,-0.3841415,0.1318929,327.9488,139.698,329.3228,-1.875957,-0.3320047,-2.374653,-0.5115408,-3.494366,-5.041059,0.2742257,-0.4732229,-0.3358921,331.4146,131.4792,49.70985,
970.552,0.155404,-0.1826666,0.01122948,0.2805713,-0.9430439,0.5927785,0.101203,-0.06009579,0.2203618,3.515792,25.02692,346.309,-0.1028728,0.1127131,-0.8747255,0.2779142,-3.538396,-0.4339946,0.3702049,-0.3840657,0.123919,328.3254,142.4354,327.2135,-2.037192,-0.3267974,-2.210613,-0.7411733,-3.505528,-5.035532,0.2450991,-0.4779886,-0.3602124,331.2759,135.3793,51.47689,
984.618,0.1424794,-0.191975,0.01172617,0.324553,-0.9462661,0.6223195,0.1028609,-0.06289577,0.2205541,3.565886,25.664,345.6076,-0.1368606,0.03571822,-0.7683558,0.1160147,-3.225599,-0.3660483,0.3689401,-0.3852624,0.1173085,328.8015,144.7077,325.3357,-2.174641,-0.3377548,-2.048185,-1.16582,-3.1857,-4.954136,0.2145002,-0.4827539,-0.3824761,331.6544,139.1973,52.68866,
998.209,0.1312967,-0.1971559,0.01229033,0.3413415,-0.9341758,0.6377657,0.1044613,-0.06561124,0.2207147,3.679925,26.26627,344.9532,-0.1640325,-0.05428977,-0.6647053,-0.0269292,-2.95902,-0.4186264,0.3671322,-0.3878336,0.1120514,329.6166,146.6994,323.6261,-2.294302,-0.3572258,-1.890631,-1.793772,-2.644007,-4.680301,0.1826316,-0.4871879,-0.4027858,332.6709,143.0187,53.05007,
1012.323,0.1199436,-0.2008651,0.01332572,0.3451585,-0.9246985,0.6249313,0.1058257,-0.06852794,0.2209789,3.730422,26.8887,344.3313,-0.1949483,-0.1745639,-0.5492616,-0.189001,-2.808151,-0.6485355,0.3646514,-0.3920676,0.108739,331.0403,148.5492,322.0024,-2.406062,-0.3746177,-1.740582,-2.589148,-2.149902,-4.19064,0.1496237,-0.4915175,-0.4213717,334.0575,147.0876,52.46839,
1026.283,0.1076105,-0.2059499,0.01487048,0.3489014,-0.9116784,0.5878105,0.1069906,-0.07159728,0.2213017,3.74523,27.47438,343.7469,-0.2248621,-0.2823859,-0.4398863,-0.2700601,-2.766464,-0.8494961,0.3618623,-0.3970009,0.106896,332.7099,150.41,320.5409,-2.51328,-0.3878293,-1.599771,-3.457487,-1.882111,-3.633871,0.1156533,-0.49568,-0.4382575,335.6521,151.5972,51.32666,
1039.936,0.09414858,-0.2111331,0.01709403,0.3495705,-0.8862156,0.5403963,0.107961,-0.07461703,0.2216419,3.749852,28.00785,343.1881,-0.253776,-0.383114,-0.3183204,-0.3266212,-2.742668,-0.990885,0.3587628,-0.4031069,0.1070083,334.501,152.1375,319.272,-2.622256,-0.387472,-1.456784,-4.285542,-1.943282,-3.034542,0.08087094,-0.499311,-0.4530099,337.2052,156.6595,49.96366,
1054.104,0.07955024,-0.2152142,0.01967141,0.3518773,-0.8438172,0.4829233,0.1086941,-0.07765841,0.2220168,3.724444,28.49386,342.6718,-0.2750386,-0.4704996,-0.1795144,-0.4352149,-2.617893,-0.9875864,0.3554304,-0.4101381,0.1092531,336.1426,153.5014,318.0972,-2.710147,-0.3672984,-1.290235,-4.694699,-2.305175,-2.545209,0.04605334,-0.5031627,-0.4651558,338.136,161.7901,49.213,
1067.91,0.06538574,-0.2176233,0.0221696,0.3534963,-0.7808091,0.4410045,0.1092084,-0.08069193,0.2223653,3.712608,28.88893,342.1588,-0.2834892,-0.5482115,-0.02854732,-0.5546327,-2.358176,-0.9549662,0.3519007,-0.4183056,0.1135991,337.6258,154.3697,317.1588,-2.757324,-0.3520742,-1.113559,-4.841943,-2.514897,-2.143326,0.01168369,-0.5071064,-0.475202,338.9623,166.5731,48.93773,
1081.959,0.04830746,-0.2207965,0.02511056,0.3823323,-0.7178932,0.4250847,0.1093882,-0.0838784,0.2227916,3.688926,29.2354,341.5599,-0.281161,-0.6231145,0.1279378,-0.6583485,-2.015924,-1.028183,0.348297,-0.4273813,0.119957,339.1551,154.7384,316.6121,-2.762517,-0.3534774,-0.9457574,-4.884349,-2.457797,-1.566653,-0.02219293,-0.511165,-0.4838981,340.0748,170.8581,48.42715,
1095.483,0.02970834,-0.2257931,0.0278696,0.4356838,-0.6731014,0.4490013,0.1092245,-0.08710325,0.2232496,3.717948,29.55735,340.8816,-0.2776442,-0.70012,0.2832004,-0.7325125,-1.729984,-1.210834,0.344502,-0.4374458,0.1283327,340.8729,154.8423,316.3836,-2.743179,-0.378334,-0.8010759,-5.023832,-2.242356,-0.7327871,-0.05563781,-0.5154014,-0.4915685,341.8634,174.9922,47.29901,
1109.591,0.01110094,-0.2305454,0.03014726,0.4761355,-0.6303671,0.4966936,0.1088498,-0.09030592,0.2236549,3.806701,29.82656,340.1976,-0.2745103,-0.7775055,0.4366687,-0.8165677,-1.502002,-1.484411,0.3405566,-0.448174,0.1386205,342.8621,154.6877,316.4159,-2.723438,-0.415821,-0.6788554,-5.228738,-2.124635,0.4282561,-0.08889296,-0.5196767,-0.4983957,344.2819,179.374,45.25502,
1123.62,-0.005761453,-0.2317789,0.03262097,0.4824405,-0.5802204,0.5369505,0.1084489,-0.09341782,0.2241915,3.933919,30.06401,339.5542,-0.2707536,-0.8433515,0.5925413,-0.9097726,-1.207592,-1.732319,0.3363047,-0.4594651,0.1509332,344.8402,154.1272,316.6623,-2.701123,-0.4639714,-0.5735164,-5.45529,-2.155412,1.446689,-0.1214895,-0.5245605,-0.5045786,347.1324,184.1125,43.30498,
1137.26,-0.0204746,-0.2293598,0.03697638,0.4909133,-0.5536489,0.5364425,0.1078253,-0.09642744,0.2248992,3.979571,30.33735,338.9031,-0.269012,-0.8941404,0.7501594,-0.9572775,-0.8198972,-1.933756,0.331674,-0.4712841,0.1652987,346.6408,153.1639,317.1461,-2.682419,-0.4726644,-0.4315893,-5.218568,-2.669511,2.393667,-0.1535039,-0.5284661,-0.5075843,349.2347,189.2412,41.2758,
1151.279,-0.03454046,-0.2239583,0.04348071,0.5107221,-0.5476201,0.4980097,0.1070032,-0.09934902,0.2257527,3.942069,30.57814,338.2781,-0.2774264,-0.9383013,0.9292728,-0.9852535,-0.3706602,-2.131381,0.3262517,-0.4835566,0.1822579,348.3315,151.7969,317.8232,-2.64778,-0.4611594,-0.2929868,-4.676233,-3.209816,3.361473,-0.1844206,-0.5320513,-0.510051,351.2979,194.3965,38.84004,
1165.084,-0.04871369,-0.2156593,0.0516028,0.5028695,-0.5155803,0.4242051,0.1059493,-0.1021138,0.2268237,3.895137,30.74673,337.7951,-0.2928895,-0.9644744,1.06397,-1.011674,-0.05521807,-2.274695,0.3203757,-0.4957125,0.1999477,350.0141,150.3488,318.414,-2.603487,-0.4475773,-0.2008814,-4.039299,-3.602593,3.865438,-0.21395,-0.5357654,-0.5124034,353.1211,199.3985,36.91016,
1178.651,-0.06249965,-0.2030327,0.06108924,0.4773836,-0.446424,0.3620282,0.1047044,-0.1045834,0.2280775,3.864719,30.8466,337.3253,-0.3151025,-0.991502,1.215678,-0.9877648,0.3351434,-2.578239,0.3137086,-0.5080177,0.2198572,351.8602,148.4017,319.3306,-2.425026,-0.4249893,-0.05452275,-3.110107,-3.962479,3.999834,-0.2382431,-0.5404967,-0.5121397,354.2209,204.0151,34.95465,
1192.796,-0.07629935,-0.1876897,0.07169834,0.4820472,-0.3922446,0.3316816,0.1033045,-0.1067622,0.2294062,3.826681,30.93396,336.781,-0.3409505,-1.014816,1.363543,-0.899417,0.762565,-3.045727,0.3063027,-0.5201523,0.2413351,354.0178,145.9467,320.5654,-2.260134,-0.4500894,0.009365857,-2.438306,-3.650611,4.192617,-0.261839,-0.5455827,-0.5129186,356.2358,207.6474,33.36942,
1206.713,-0.08979438,-0.1710929,0.08345485,0.503989,-0.3752906,0.3149899,0.1017592,-0.1087236,0.230857,3.758479,31.03798,336.2459,-0.3798311,-1.027229,1.50518,-0.7790689,1.191176,-3.566918,0.2976214,-0.5317287,0.2639902,356.4501,142.9895,321.8686,-2.046957,-0.4999434,0.04619855,-1.72512,-3.090382,4.443657,-0.2828437,-0.5515249,-0.5137064,358.7087,210.3785,31.57911,
1220.355,-0.1017318,-0.1535909,0.0954266,0.4884253,-0.3628999,0.2833214,0.1001749,-0.1103802,0.2323561,3.690412,31.14861,335.8204,-0.4437827,-1.013886,1.637284,-0.6014661,1.587502,-3.917767,0.2873085,-0.5424587,0.2879218,358.7806,139.7841,323.0332,-1.843322,-0.5669277,0.07093406,-1.2986,-2.680539,4.771695,-0.3013121,-0.5583304,-0.5145424,1.661055,213.3215,30.07302,
1234.468,-0.1115287,-0.1359766,0.1066422,0.419841,-0.3289238,0.2310907,0.09849328,-0.1117679,0.2339066,3.633729,31.24541,335.5486,-0.535013,-0.9701293,1.753076,-0.4453916,1.916611,-4.050581,0.2752163,-0.5521637,0.3124622,0.8357759,136.4626,323.8796,-1.648832,-0.6105984,0.1053293,-1.00914,-2.655223,4.764108,-0.316866,-0.5651003,-0.5144625,4.089606,216.7207,29.1229,
1248.342,-0.1226818,-0.1189754,0.1179255,0.3412189,-0.308697,0.175602,0.09645736,-0.1129714,0.2357696,3.556699,31.39891,335.2985,-0.6473922,-0.8987857,1.847894,-0.3161945,2.211891,-4.023665,0.2612468,-0.5605862,0.3374617,2.546113,133.0476,324.4457,-1.466728,-0.6158879,0.1398619,-0.783808,-2.759819,4.345006,-0.3293215,-0.5721816,-0.5139191,5.551703,220.0713,28.68389,
1262.231,-0.1359148,-0.1017741,0.129706,0.2726252,-0.2842421,0.1387838,0.09424144,-0.1139404,0.2378606,3.506716,31.51181,335.1142,-0.768463,-0.8127193,1.922886,-0.06334531,2.544666,-4.00233,0.2457705,-0.5677014,0.3626442,4.120595,129.4345,325.1073,-1.176892,-0.6096005,0.1526519,-0.7584596,-2.654757,3.413424,-0.3351853,-0.5803562,-0.5137529,5.870796,222.5898,28.89249,
1275.922,-0.1473837,-0.08062343,0.1420398,0.1853862,-0.2283192,0.1052283,0.09201086,-0.1144328,0.2401314,3.49947,31.58301,335.066,-0.894632,-0.7178702,1.976043,0.3865577,2.906597,-3.977113,0.22873,-0.5733235,0.3877345,5.698264,125.6671,326.089,-0.8672686,-0.6274226,0.1229546,-0.7646913,-2.099221,2.558381,-0.3376897,-0.5898658,-0.5141532,6.133138,223.8801,29.28828,
1290.015,-0.1578402,-0.05602804,0.1564526,0.1367994,-0.2050687,0.07214773,0.08955991,-0.1146199,0.2427286,3.430704,31.69476,334.9519,-1.025418,-0.6123784,2.004956,0.9115508,3.251664,-3.834023,0.2100632,-0.5772979,0.4124882,7.180578,121.8666,327.2928,-0.5349797,-0.6841224,0.06146917,-0.8387779,-1.212591,1.984667,-0.3362169,-0.6003956,-0.5158636,6.859224,224.203,30.02901,
1303.929,-0.1703695,-0.02991187,0.1733365,0.1731953,-0.2441937,0.05442367,0.0868026,-0.1143762,0.245694,3.272046,31.84822,334.6497,-1.169861,-0.4731449,2.011236,1.298796,3.680817,-3.517604,0.1894165,-0.5790229,0.4365399,8.262753,117.868,328.5106,-0.2003056,-0.7935108,-0.00299561,-0.8067335,-0.1368093,1.861381,-0.3308086,-0.6134239,-0.5172331,8.606802,223.7906,30.7345,
1317.656,-0.184811,-0.0002449639,0.1904981,0.2210962,-0.2777356,0.0322759,0.08381724,-0.1135748,0.2487127,3.083447,31.96484,334.3827,-1.288562,-0.3379768,2.00116,1.488098,4.142642,-3.153627,0.1679996,-0.5794492,0.45977,8.978242,113.5962,329.5786,0.1199864,-0.9541137,-0.03749989,-0.6423166,0.9292871,2.298874,-0.3222757,-0.6280176,-0.5186469,11.89577,223.1838,30.95737,
1331.524,-0.2023202,0.02918288,0.2039038,0.2466605,-0.2857015,-0.01684443,0.08051568,-0.1125723,0.2517449,2.854599,32.04631,334.1825,-1.383433,-0.2190575,1.984326,1.634033,4.610003,-2.816998,0.1461908,-0.5786414,0.4821131,9.50598,109.0202,330.6467,0.418802,-1.121399,-0.03095578,-0.2771184,1.680609,3.031178,-0.310468,-0.643755,-0.5191464,16.14695,222.7924,30.13778,
1345.459,-0.2212882,0.05482175,0.2134012,0.2605518,-0.2618889,-0.03124168,0.07697558,-0.1113688,0.2548039,2.704637,32.08646,333.9551,-1.48164,-0.07717676,1.955658,1.689779,5.257811,-2.430091,0.1231245,-0.5755884,0.5032489,9.62238,103.8672,331.8713,0.7074054,-1.234824,0.01433417,0.252341,2.005079,3.631688,-0.2944426,-0.6591365,-0.5179297,20.30804,222.6101,28.29712,
1358.886,-0.2432045,0.07331829,0.221299,0.297275,-0.2800025,-0.02531079,0.07304966,-0.110014,0.2579144,2.492945,32.20446,333.6219,-1.577406,0.06454484,1.909439,1.617545,5.872156,-2.039424,0.09904025,-0.5709731,0.5228678,9.442327,98.41634,333.1412,1.012951,-1.265884,0.06807038,0.6864799,2.083129,3.533341,-0.2732749,-0.6744269,-0.5155339,23.24945,221.9356,26.21094,
1373.068,-0.2714422,0.08724476,0.2286468,0.3785979,-0.3447569,-0.006956825,0.06838083,-0.108396,0.2612013,2.210363,32.3454,333.0963,-1.67624,0.2022228,1.839182,1.412977,6.351624,-1.735866,0.07396585,-0.5648502,0.5406812,9.030035,92.81761,334.3188,1.347376,-1.261805,0.1198049,0.5474075,2.214566,2.839197,-0.2462631,-0.6901021,-0.5121503,25.19523,220.7524,25.25573,
1387.087,-0.3098969,0.1049939,0.2374619,0.5338438,-0.3831815,0.03815959,0.0631749,-0.1064353,0.2645687,1.952361,32.35512,332.4054,-1.776177,0.3345304,1.741627,1.084622,6.646948,-1.531807,0.0479565,-0.5573485,0.5565287,8.362157,87.27375,335.3879,1.742761,-1.273172,0.1682118,0.06570727,2.903143,1.743794,-0.2127763,-0.7069745,-0.5074924,26.94963,218.0669,25.24219,
1400.9,-0.3448536,0.121673,0.2399726,0.7263967,-0.4126315,0.1463743,0.05751508,-0.1042971,0.2677135,1.803397,32.32103,331.3447,-1.872417,0.4624188,1.613303,0.6367775,6.691783,-1.485805,0.02113393,-0.5484518,0.57013,7.376079,82.0199,336.2536,2.177056,-1.278023,0.2337703,-0.5037233,3.712213,-0.003153026,-0.1745929,-0.7237705,-0.5008654,28.04375,214.0213,26.56423,
1414.62,-0.37793,0.1365625,0.2362416,0.9381487,-0.5177207,0.3991352,0.05159032,-0.1021909,0.2707217,1.882472,32.56262,329.9534,-1.958376,0.5805379,1.463601,0.2661226,6.555711,-1.62557,-0.006144982,-0.5383425,0.581553,6.258515,76.99285,336.8724,2.631503,-1.328435,0.3691401,-0.7973777,4.785837,-1.755559,-0.1305622,-0.7426916,-0.4893781,29.6796,208.7022,28.51371,
1428.608,-0.4133815,0.1454871,0.2225285,1.011932,-0.7423404,0.6588624,0.04466385,-0.1000571,0.2732803,2.02862,33.18444,328.6583,-2.029733,0.6936786,1.298884,-0.03363222,6.273699,-1.960973,-0.03371361,-0.5269905,0.590768,4.89516,72.19216,337.1784,3.039457,-1.391801,0.6066284,-0.75199,5.454024,-3.259652,-0.08320785,-0.761544,-0.473143,31.74515,203.3572,30.82191,
1442.621,-0.4546044,0.1607207,0.2046252,0.814186,-0.7534524,0.8038801,0.03732181,-0.09702352,0.2756721,2.478874,33.51522,328.0586,-2.095758,0.8169367,1.112238,-0.2400359,5.91936,-2.519074,-0.06194779,-0.5141783,0.5976107,3.142856,67.46831,337.138,3.389529,-1.436201,0.9404007,-0.4037491,5.818056,-4.120791,-0.0328031,-0.7795392,-0.4502929,34.30565,197.9449,32.31823,
1456.331,-0.4954174,0.1890646,0.1907771,0.6095294,-0.5838375,0.7674607,0.02944106,-0.09342557,0.2782043,2.663183,33.66264,327.5261,-2.153561,0.9058781,0.9631898,-0.3292109,5.798775,-2.832446,-0.09030025,-0.5011191,0.6036552,1.465911,62.57882,337.5467,3.685245,-1.433512,1.355608,-0.1080571,5.980521,-4.300467,0.02105386,-0.7959465,-0.4206735,37.28819,192.563,32.50103,
1470.841,-0.5340748,0.2225972,0.1827809,0.6352727,-0.5195129,0.6741398,0.02124381,-0.08951908,0.2807208,2.638156,33.76509,326.5722,-2.207559,0.967607,0.8253157,-0.4351673,5.814652,-2.86489,-0.1190317,-0.4877564,0.6082163,0.009472619,57.66125,338.5415,3.996395,-1.386368,1.847285,0.08821619,6.604707,-4.228789,0.07908879,-0.810677,-0.3830555,40.93879,185.3559,30.37579,
1484.422,-0.5617985,0.2511555,0.176225,0.7842961,-0.6107374,0.6530762,0.01325643,-0.08559176,0.2828634,2.583915,34.02916,325.418,-2.244309,1.002496,0.6828566,-0.5999029,5.691976,-2.662813,-0.1477313,-0.4742026,0.6111031,358.9059,53.2024,339.9371,4.330912,-1.284372,2.445066,0.3529612,7.644475,-4.674645,0.1408908,-0.823,-0.335819,44.83432,175.1487,26.27589,
1497.885,-0.5758047,0.2689753,0.1646422,0.7766183,-0.7001795,0.6449037,0.00538528,-0.08165133,0.2845706,2.668906,34.39694,324.6119,-2.255733,1.024744,0.5270231,-0.7488558,5.232554,-2.477674,-0.1763148,-0.4604762,0.6120192,357.8864,49.55436,341.2643,4.628366,-1.096085,3.164593,1.234026,8.78927,-5.736688,0.2036954,-0.8304092,-0.2775595,48.05941,161.5015,20.75383,
1511.964,-0.5832046,0.2750837,0.149991,0.6059834,-0.6681519,0.6221776,-0.00273931,-0.07801628,0.2861148,2.843529,34.75288,324.1523,-2.240536,1.04802,0.3624524,-0.7815452,4.411393,-2.454189,-0.2045757,-0.4465649,0.6113582,356.6218,46.89947,342.1859,4.766522,-0.8007329,3.97417,2.51201,9.734637,-6.48269,0.2635815,-0.8324739,-0.2080615,49.78194,145.7055,13.95715,
1525.998,-0.5918872,0.2700534,0.1375042,0.4049324,-0.5504402,0.5939768,-0.01120174,-0.07463264,0.2878407,3.12248,35.00989,323.8192,-2.209913,1.078365,0.2066875,-0.5371762,3.417372,-2.675756,-0.2325549,-0.4325704,0.6095621,354.8195,44.96659,342.3988,4.672839,-0.4256841,4.780011,3.587675,10.04545,-6.581341,0.3170043,-0.8281823,-0.1303353,50.14872,130.4917,7.241382,
1539.607,-0.6005995,0.2597809,0.1277459,0.3125683,-0.4171214,0.6115978,-0.01969218,-0.0713383,0.2893857,3.485066,35.15845,323.3576,-2.178509,1.109911,0.07689971,0.06319793,2.550176,-3.061278,-0.2601188,-0.4186919,0.6069936,352.4641,43.17837,341.7638,4.399371,0.006561309,5.575278,4.02,10.26958,-6.746324,0.3647182,-0.8170681,-0.04129251,49.38583,115.0161,359.6111,
1553.781,-0.6034833,0.2483875,0.1151756,0.2851666,-0.3036056,0.6464223,-0.02781707,-0.06822181,0.2905056,3.892431,35.25391,322.9657,-2.151555,1.127174,-0.0174377,0.8043454,2.00521,-3.376253,-0.2871636,-0.4051402,0.6041429,349.9059,41.14053,340.655,3.940465,0.5257761,6.361937,4.029873,10.50094,-7.545331,0.4018776,-0.7991163,0.05544643,46.9385,98.4376,350.5232,
1567.717,-0.5945635,0.2362531,0.09831733,0.158373,-0.1432071,0.6319494,-0.03550529,-0.06532049,0.2913264,4.388198,35.33797,323.0162,-2.12772,1.122438,-0.07254779,1.330544,1.830178,-3.515681,-0.3136324,-0.3919648,0.601544,347.4997,38.68765,339.7788,3.189051,1.176867,7.124675,4.379321,10.51757,-7.931647,0.4243743,-0.7723591,0.1606938,42.88697,83.97949,343.887,
1581.612,-0.5770164,0.2225481,0.07766214,-0.08731116,0.1017197,0.5889444,-0.04286271,-0.0626142,0.2917961,5.062824,35.32098,323.449,-2.114015,1.099225,-0.08919913,1.467885,2.039513,-3.602688,-0.3396391,-0.3791907,0.5994878,345.3988,35.48934,339.7485,2.448862,1.712363,7.590621,4.759419,10.28208,-8.180837,0.4392064,-0.740658,0.2672405,37.90874,71.52849,339.2278,
1595.304,-0.5537719,0.206964,0.05414444,-0.3301839,0.4076235,0.5927448,-0.04984343,-0.06017441,0.2918926,5.946774,35.17923,324.0623,-2.111259,1.061279,-0.0749591,1.198378,2.575865,-3.829326,-0.3651124,-0.3667045,0.5977775,343.6145,31.21453,340.9713,1.291919,2.482155,8.089237,5.706723,9.254429,-9.615736,0.4298672,-0.6934037,0.3793488,31.56435,58.66548,333.6245,
1609.406,-0.5250496,0.1897265,0.02722643,-0.5548268,0.730442,0.6517263,-0.0562346,-0.05795485,0.2914687,7.071207,34.93913,324.9232,-2.112043,1.023008,-0.06037194,0.7129213,2.988453,-4.188174,-0.3899765,-0.3543304,0.5959355,342.0482,26.42222,343.2556,0.09395409,3.229257,8.267771,7.146034,7.791606,-10.49746,0.4062619,-0.6376291,0.4857251,24.25731,47.18578,329.3034,
1623.297,-0.487139,0.1734755,-0.004078999,-0.8193612,1.080236,0.7325265,-0.0617007,-0.05587566,0.2905551,8.386392,34.64178,326.1783,-2.101767,0.9876871,-0.06289071,0.2282652,3.069897,-4.546121,-0.4142137,-0.3422823,0.5938493,340.7059,21.63821,346.284,-1.248453,3.979284,8.164105,8.840696,6.836317,-10.22931,0.3618915,-0.5715942,0.5859085,16.80685,36.6897,327.1293,
1636.966,-0.437741,0.1602266,-0.03603195,-1.13722,1.396503,0.7809232,-0.06618637,-0.05381012,0.2893233,9.744113,34.39935,327.7755,-2.066889,0.949917,-0.08345062,-0.1539399,2.874609,-4.933842,-0.4373359,-0.3305931,0.5913876,339.4986,16.93632,349.9583,-2.533782,4.601417,7.810249,10.48923,6.79935,-9.288957,0.3022687,-0.4994069,0.6765909,9.317717,26.06577,327.134,
1651.04,-0.377294,0.1544655,-0.06527171,-1.423545,1.578828,0.7600119,-0.06964666,-0.05146474,0.2878023,10.94522,34.26856,329.4568,-2.017702,0.9255303,-0.1275859,-0.0803553,2.628568,-5.290349,-0.4592789,-0.3188674,0.5880191,338.079,12.16891,353.5891,-4.125599,5.278785,7.054808,12.20806,7.690897,-8.465648,0.2162852,-0.4169335,0.7473514,1.060678,14.00917,329.8273,
1664.943,-0.3094928,0.1609076,-0.09058059,-1.60486,1.558412,0.6733564,-0.07215089,-0.04869848,0.2860953,11.87825,34.36952,331.0482,-1.959102,0.9127928,-0.1994143,0.4312024,2.591541,-5.502997,-0.4797856,-0.3073063,0.5832315,336.4152,7.033393,356.8417,-5.652567,5.777286,5.845037,13.51762,8.821035,-7.796613,0.1162056,-0.3332925,0.7934706,352.8986,0.9576729,335.536,
1678.603,-0.2369251,0.1777801,-0.1086013,-1.687855,1.308482,0.519926,-0.07363105,-0.04560828,0.2844282,12.40883,34.83618,332.4594,-1.872503,0.9062871,-0.2976394,1.118104,2.668635,-5.374618,-0.4983132,-0.2957377,0.576894,334.6522,1.960516,359.4631,-6.925095,5.98117,4.248157,14.26606,9.81799,-6.693815,0.006265332,-0.2523413,0.8119706,346.5299,347.1873,343.1263,
1692.601,-0.1648064,0.199945,-0.1171737,-1.676162,0.8244592,0.270384,-0.07437217,-0.04226595,0.2829385,12.40345,35.72434,333.5782,-1.743356,0.9071754,-0.4175104,1.806257,2.680276,-4.854455,-0.5146903,-0.2843542,0.5688928,332.6873,357.5555,1.293928,-7.869256,5.880459,2.323259,14.81238,10.72278,-5.559911,-0.1083391,-0.1788026,0.8008968,341.8307,332.3672,352.8658,
1706.469,-0.1007064,0.2264694,-0.1156291,-1.577186,0.2081648,-0.03288474,-0.07466274,-0.03844881,0.2816943,11.93754,36.91016,334.3629,-1.577845,0.9076449,-0.5449201,2.31182,2.546127,-4.080484,-0.5289456,-0.2731166,0.5594271,330.6134,354.0845,2.494695,-8.415189,5.387997,0.162411,15.49277,11.87278,-4.846961,-0.2207509,-0.1200705,0.7601598,339.7225,315.823,6.274945,
1719.922,-0.05255358,0.25326,-0.1046255,-1.397887,-0.3760774,-0.3416663,-0.07483327,-0.03442639,0.2807993,11.13734,38.15644,334.8664,-1.364481,0.9131986,-0.6818969,2.715628,2.127419,-3.108408,-0.5409914,-0.2620386,0.5484579,328.1738,351.9573,3.220407,-8.365789,4.449424,-1.962203,16.05638,12.83357,-4.376127,-0.3181058,-0.08083244,0.6936315,341.475,300.109,22.59712,
1734.099,-0.02661253,0.2731221,-0.08668266,-1.183626,-0.8542088,-0.6107013,-0.07530701,-0.03043979,0.2801458,10.08808,39.44371,335.1261,-1.187467,0.911423,-0.7906565,2.996294,1.764086,-2.349999,-0.5521439,-0.2514385,0.5370342,325.633,350.092,4.057358,-7.662956,3.282712,-3.751502,15.93446,14.16647,-3.194392,-0.391625,-0.05825445,0.6124175,344.951,286.4053,39.28965,
1748.013,-0.02403007,0.2832311,-0.06758925,-0.9442196,-1.23016,-0.7904504,-0.07619774,-0.02655172,0.2796377,8.96599,40.69415,335.0829,-1.034379,0.8955133,-0.8773884,3.125875,1.545065,-1.745584,-0.5621264,-0.2414024,0.5250889,323.1398,348.4044,4.785879,-6.442362,2.236387,-5.017767,13.62594,15.49662,-2.145472,-0.441322,-0.04393968,0.5324029,347.2493,273.7242,52.28847,
1761.998,-0.04123902,0.2838007,-0.04985288,-0.7103788,-1.448064,-0.8887415,-0.077649,-0.02290827,0.2791585,7.855809,41.76716,334.9654,-0.9125719,0.8643318,-0.942994,3.141569,1.515705,-1.355401,-0.5711598,-0.2319115,0.5126536,320.8012,346.5188,5.470093,-5.003533,1.443823,-5.713717,10.39855,15.1927,-2.610235,-0.4747827,-0.03553816,0.4582401,348.4423,261.7339,59.43859,
1775.627,-0.07550521,0.2757457,-0.03363825,-0.5537324,-1.397258,-0.9399164,-0.07990456,-0.01955009,0.2789073,6.89462,42.46294,335.0547,-0.8197145,0.8215044,-0.9957064,3.177519,1.569141,-1.161647,-0.5793978,-0.2232885,0.4997835,318.4601,344.251,6.356983,-3.567187,0.8216787,-5.959554,8.608821,13.87607,-3.93569,-0.4949267,-0.03294242,0.3888676,350.1644,249.7922,62.72038,
1789.783,-0.1259275,0.2596183,-0.01591906,-0.4439873,-1.084044,-0.9657279,-0.08329773,-0.01659286,0.2791762,6.046766,42.63408,335.2574,-0.7429727,0.7651615,-1.031811,3.128324,1.608499,-1.047972,-0.5868637,-0.2155794,0.4867413,316.3124,341.8609,7.330103,-2.119515,0.2440664,-5.779081,8.594596,12.13663,-4.721146,-0.5028062,-0.03590519,0.3302828,353.0503,238.3577,63.03388,
1803.784,-0.1900263,0.2364054,0.006521031,-0.2631757,-0.6014746,-0.9829314,-0.08779943,-0.01397818,0.2799152,5.338517,42.18013,335.3785,-0.6770929,0.6982195,-1.052115,2.977314,1.627784,-1.002263,-0.5936362,-0.2086025,0.4736479,314.4841,339.4047,8.334786,-1.153403,-0.1261857,-5.279284,8.744745,10.60373,-4.085246,-0.510816,-0.0386422,0.2796506,356.7987,229.0927,62.59721,
1817.553,-0.2637871,0.211437,0.03345803,0.03942526,-0.0623204,-1.002079,-0.09336269,-0.01158267,0.2811133,4.695568,41.15856,335.296,-0.6250846,0.6389568,-1.065555,2.846503,1.650351,-1.001074,-0.5998023,-0.202221,0.4603896,312.8109,336.778,9.424283,-0.534586,-0.3810556,-4.630188,7.651937,9.278522,-3.086766,-0.5150139,-0.04502405,0.2358787,359.9512,222.7101,63.32837,
1831.483,-0.3375684,0.1896504,0.06184934,0.3818263,0.4607037,-1.036484,-0.09964705,-0.009269595,0.2825758,4.051752,39.72383,335.1591,-0.5694417,0.5706837,-1.080194,2.723667,1.633055,-1.01068,-0.6051412,-0.1968044,0.4466525,311.306,334.0708,10.62317,-0.1584518,-0.5856442,-3.983348,5.689056,8.580262,-2.862113,-0.5159982,-0.05282659,0.1962246,3.134067,218.222,66.89862,
1845.452,-0.4012048,0.1758458,0.08537193,0.6428662,0.9112696,-1.103541,-0.1063317,-0.006877184,0.2841076,3.347571,38.06492,335.1311,-0.5175964,0.5013162,-1.093843,2.627091,1.510021,-0.9834203,-0.6099126,-0.1923447,0.4327619,309.9391,331.3581,12.11491,0.09084225,-0.6422405,-3.396484,3.805044,7.410804,-4.070233,-0.514249,-0.05856935,0.16286,4.0491,214.674,72.65059,
1859.212,-0.4501982,0.1692148,0.102686,0.7720509,1.284157,-1.222101,-0.1133406,-0.004516721,0.2858073,2.541752,36.23343,335.3159,-0.4646844,0.4320394,-1.105163,2.56118,1.323529,-0.847362,-0.6141463,-0.1888981,0.4188372,308.5658,328.846,13.80746,0.2291892,-0.6429833,-3.027749,3.295922,6.329919,-4.927939,-0.5110403,-0.06485581,0.1312758,4.903536,210.7758,77.61804,
1873.293,-0.4894522,0.1680578,0.1164878,0.8613055,1.591118,-1.381316,-0.1208459,-0.002081632,0.287616,1.628569,34.16706,335.5723,-0.4076131,0.3502136,-1.112747,2.495801,1.095557,-0.6492035,-0.6178365,-0.1868218,0.4048759,307.2415,326.4982,15.7146,0.4050658,-0.571894,-2.548627,3.054051,4.652487,-5.143127,-0.5049684,-0.06956778,0.1081137,4.15157,207.5947,81.22624,
1887.224,-0.5245648,0.1700536,0.1264077,0.994626,1.85927,-1.535411,-0.1288704,0.0004105568,0.2893459,0.6641838,31.85659,335.8134,-0.3625791,0.2768546,-1.111168,2.442406,0.8910607,-0.4658144,-0.6212391,-0.185416,0.3913283,305.9905,324.1105,17.84888,0.5303094,-0.4681076,-2.183458,3.208941,3.04878,-4.62912,-0.4984977,-0.07317615,0.08726223,3.154346,204.3582,82.82928,
1901.061,-0.5561676,0.1713797,0.1285598,1.132655,2.129944,-1.639916,-0.1372098,0.002749025,0.29082,359.7428,29.32375,336.1801,-0.3231069,0.2024424,-1.093707,2.295977,0.7164634,-0.3764691,-0.6242554,-0.1849185,0.3783387,305.0455,321.8047,19.92001,0.6419386,-0.3803957,-1.858757,3.54173,1.83533,-3.801808,-0.4904973,-0.0769356,0.07046123,2.158958,200.9777,83.30113,
1914.754,-0.5814008,0.1702328,0.1229855,1.200724,2.405815,-1.696433,-0.1456323,0.00501281,0.2920808,358.9328,26.62179,336.7254,-0.2909034,0.1292062,-1.064879,2.092244,0.6051624,-0.4713354,-0.6267375,-0.1850811,0.3656916,304.5244,319.3658,21.81532,0.7447758,-0.3035402,-1.558003,3.98373,0.9242067,-2.824997,-0.4812921,-0.07993202,0.05677903,1.113286,197.3842,82.88754,
1928.786,-0.5986346,0.166883,0.1096938,1.224956,2.635768,-1.720011,-0.1541076,0.007208288,0.293089,358.2074,23.86533,337.3292,-0.259711,0.05963205,-1.031935,1.890144,0.5741086,-0.6549413,-0.6286569,-0.1860915,0.3534279,304.242,316.8514,23.45237,0.8201037,-0.2241554,-1.274689,4.470766,0.2093108,-1.385748,-0.4722469,-0.08221858,0.04661122,359.961,193.762,80.78407,
1942.734,-0.607241,0.159973,0.09023802,1.23997,2.778791,-1.699332,-0.1624796,0.009136915,0.2937616,357.5373,21.13457,337.9353,-0.2234814,-0.004845763,-0.9975017,1.688486,0.5905154,-0.8126617,-0.6299268,-0.1878155,0.3414828,304.0685,314.5029,24.74786,0.8442472,-0.1652498,-1.014834,4.691441,-0.1296773,0.2600002,-0.4643989,-0.08420622,0.03883186,359.0979,190.5518,77.40083,
1956.441,-0.6054482,0.1508249,0.06623673,1.245507,2.834476,-1.625304,-0.1704367,0.01092601,0.2938386,356.9597,18.49547,338.5139,-0.177572,-0.0626482,-0.9612768,1.454156,0.6319961,-0.7854021,-0.6307899,-0.1902984,0.3299713,303.7521,312.8035,25.57628,0.8107873,-0.1181769,-0.7873586,4.554419,-0.4181287,1.381932,-0.4577039,-0.08640093,0.03295027,357.9176,187.9506,74.0816,
1970.485,-0.5910701,0.1399256,0.04043998,1.217126,2.786383,-1.547806,-0.1777967,0.01255357,0.2935899,356.4157,16.06569,339.1456,-0.1270955,-0.115531,-0.9212223,1.18157,0.6992983,-0.6272879,-0.6313396,-0.1935063,0.3190358,303.2441,311.8181,25.90564,0.7318492,-0.1008591,-0.5934565,4.148887,-0.6298531,1.82074,-0.4522662,-0.08962397,0.02910332,356.5899,185.9454,71.60422,
1984.43,-0.5634984,0.1294334,0.01617765,1.14643,2.623274,-1.494232,-0.1845647,0.01408994,0.2931947,355.8666,13.93761,339.8399,-0.0809173,-0.1641515,-0.8730159,0.8555367,0.7857912,-0.4632002,-0.6317879,-0.1972433,0.3088149,302.6655,311.5403,25.59765,0.6223465,-0.1290528,-0.4322237,3.526157,-0.6428623,1.864615,-0.4479138,-0.09410636,0.02655558,355.6426,184.5699,69.87952,
1998.111,-0.5290291,0.1203965,-0.00340794,1.069005,2.379725,-1.452451,-0.1908287,0.01555192,0.2927861,355.3156,12.10207,340.5399,-0.05272871,-0.2105089,-0.8158313,0.5282072,0.8254095,-0.4585624,-0.6323239,-0.2013271,0.2993694,302.3303,311.5714,24.81861,0.5150537,-0.1897466,-0.3022305,2.900618,-0.4327817,1.700282,-0.4448901,-0.09879994,0.02480236,355.2483,183.4169,68.75042,
2012.204,-0.4849514,0.1110707,-0.02026372,0.9765437,2.046618,-1.384059,-0.1965932,0.01693958,0.2923294,354.7912,10.61047,341.1932,-0.04336065,-0.2570279,-0.7469087,0.2310623,0.8115675,-0.7173852,-0.6326939,-0.2057237,0.2906681,302.4864,311.5076,23.69957,0.3892834,-0.2531289,-0.1843968,2.2262,-0.4426708,1.109042,-0.4429538,-0.1046485,0.02448218,354.6336,182.8193,68.65783,
2026.202,-0.4466773,0.1026312,-0.02974394,0.904604,1.745342,-1.309207,-0.2020359,0.01814008,0.2916684,354.2772,9.276374,341.848,-0.04216519,-0.2898452,-0.6936072,0.09793061,0.8280048,-0.9981148,-0.6329876,-0.2102923,0.2822928,302.7242,311.0992,22.68259,0.3070927,-0.2938186,-0.1061124,1.883184,-0.5080404,0.5390656,-0.4408139,-0.110182,0.02419923,353.7776,182.0255,68.94466,
2039.781,-0.4158901,0.09481033,-0.03469859,0.8683385,1.520044,-1.253945,-0.207107,0.01920229,0.2909875,353.731,7.986756,342.5058,-0.04312551,-0.3169406,-0.649784,0.08129858,0.8650396,-1.223071,-0.633274,-0.2151853,0.2744025,302.9529,310.4467,21.78377,0.2557884,-0.3002725,-0.04174331,1.848415,-0.7600793,0.07778157,-0.4390739,-0.115327,0.02462275,352.3259,180.9921,69.37682,
2053.975,-0.3867716,0.08645042,-0.03657934,0.844398,1.325808,-1.198587,-0.2118343,0.02019149,0.2904209,353.2105,6.845162,343.1365,-0.04754892,-0.3406079,-0.6146743,0.1764254,0.8562676,-1.381076,-0.6335975,-0.2202994,0.2669549,303.2065,309.4286,21.25345,0.2129527,-0.2811923,0.009521954,1.899421,-1.142186,-0.0948051,-0.4380647,-0.1202494,0.0253626,350.3772,180.0127,69.45525,
2067.841,-0.3580179,0.07784184,-0.03804733,0.8219903,1.15511,-1.10035,-0.216105,0.02107519,0.2898847,352.728,5.861068,343.6306,-0.05259554,-0.3597321,-0.579954,0.2811192,0.7587042,-1.454965,-0.6337864,-0.2254732,0.260078,303.575,308.2767,21.01591,0.1421514,-0.2569797,0.04315688,1.680013,-1.477165,0.2233023,-0.4383018,-0.124657,0.02621142,348.5663,179.7911,68.48026,
2081.508,-0.3277892,0.0685826,-0.03870109,0.7470151,0.9863339,-0.9709989,-0.2199253,0.02172667,0.2893283,352.3652,5.088476,344.0811,-0.05439763,-0.3734658,-0.5479663,0.3293867,0.6086657,-1.441168,-0.6339802,-0.23071,0.2535447,304.0429,307.2858,20.86957,0.05835592,-0.2492037,0.06121378,1.291132,-1.62108,0.8884838,-0.4393732,-0.1290598,0.0270767,347.3692,180.3233,66.37046,
2095.216,-0.2971501,0.05749053,-0.0391305,0.6209018,0.8115345,-0.8560818,-0.2234276,0.02221107,0.2886382,352.1295,4.490673,344.5278,-0.05463266,-0.3922909,-0.5038286,0.3531501,0.3431665,-1.327818,-0.6340817,-0.2363322,0.2477609,304.6719,306.4205,21.04143,-0.04245951,-0.2587884,0.08175887,0.8907393,-1.714882,1.704859,-0.4414066,-0.133806,0.02839836,346.6522,181.464,63.31844,
2109.219,-0.2694373,0.04553451,-0.03903049,0.472699,0.6374095,-0.7664447,-0.2267319,0.02252364,0.287964,351.9774,4.053009,344.9653,-0.05059969,-0.4043368,-0.4678933,0.325465,0.1282091,-1.154822,-0.6340864,-0.2418806,0.2423171,305.2489,305.8414,21.19759,-0.1124999,-0.2768161,0.1046823,0.6836436,-1.776348,1.936186,-0.4435942,-0.1391496,0.03026008,345.8506,182.4567,60.94485,
2123.3,-0.2461188,0.03420057,-0.03855009,0.3355733,0.5013754,-0.677201,-0.2297155,0.02279705,0.287428,351.9181,3.687004,345.3302,-0.04271601,-0.416741,-0.4164359,0.1966097,-0.14169,-0.9469014,-0.6340715,-0.247562,0.2378021,305.9447,305.8124,21.2397,-0.1625054,-0.2994817,0.1304602,0.5364477,-1.770753,1.678672,-0.4459625,-0.1446764,0.03238948,344.9891,183.312,59.46932,
2136.9,-0.2251143,0.026499,-0.03758746,0.2267275,0.3924921,-0.5844462,-0.2323689,0.02312607,0.2869519,351.878,3.420758,345.6466,-0.03709167,-0.4278877,-0.3600013,0.0473421,-0.3838999,-0.865609,-0.6340268,-0.2531485,0.2338837,306.8592,306.0424,21.05253,-0.191333,-0.3021776,0.1595196,0.5099503,-1.911325,1.121136,-0.4482606,-0.1500021,0.03486424,343.5711,184.1004,58.7094,
2151.146,-0.2035292,0.02242423,-0.03555046,0.156025,0.2690849,-0.5378388,-0.2346566,0.02339351,0.2865289,351.795,3.272858,346.0433,-0.03125845,-0.435882,-0.3051929,-0.02169658,-0.4687322,-0.9120204,-0.6337141,-0.2588367,0.2305634,307.7787,306.076,20.75811,-0.2276293,-0.2883763,0.2021794,0.4778495,-2.259836,0.4581611,-0.4511015,-0.1554259,0.03808136,341.4842,185.1881,58.28033,
2164.933,-0.1819437,0.01994856,-0.03258909,0.1161636,0.130093,-0.5169156,-0.2366886,0.02359688,0.286122,351.692,3.233464,346.4248,-0.03453245,-0.4460978,-0.269759,-0.02353468,-0.4184167,-0.9809498,-0.6385633,-0.2677721,0.2267159,308.5442,305.9029,20.44299,-0.2532504,-0.2856758,0.2300718,0.4974003,-2.417432,0.325628,-0.4541125,-0.160825,0.04123467,339.7661,186.367,57.0975,
2178.571,-0.1626415,0.01635815,-0.02876131,0.08489406,0.009786038,-0.47811,-0.2385808,0.02366459,0.2857887,351.6129,3.266207,346.7424,-0.03565727,-0.4555627,-0.2355115,-0.04961547,-0.3514526,-1.013136,-0.6433314,-0.2768717,0.2233224,309.2373,305.8146,20.02077,-0.2617974,-0.3074775,0.2476657,0.5388434,-2.250426,0.4330462,-0.4568785,-0.1669965,0.04449499,338.6946,187.2621,55.71183,
2192.645,-0.1468918,0.01226807,-0.02558703,0.0456747,-0.06592909,-0.4111503,-0.2403252,0.02373052,0.2854648,351.5884,3.318231,346.9884,-0.03111579,-0.461871,-0.1962893,-0.1199765,-0.3089678,-0.9958169,-0.6457493,-0.284579,0.2209029,309.8915,305.921,19.47623,-0.259027,-0.3367988,0.2597736,0.4507545,-1.95576,0.3984651,-0.4600245,-0.1725179,0.04776748,338.0224,187.985,54.80161,
2206.57,-0.1345182,0.009147301,-0.02310038,0.00580925,-0.1086727,-0.3321415,-0.2419992,0.02384031,0.2852008,351.5868,3.40745,347.1581,-0.02286096,-0.4621727,-0.150627,-0.2229643,-0.299148,-0.9508471,-0.6456765,-0.2905383,0.2196193,310.5377,306.2441,18.81105,-0.2641849,-0.3324023,0.2870743,0.2844818,-2.026314,-0.1443741,-0.462761,-0.1783056,0.05183588,336.4335,189.1178,54.62607,
2220.262,-0.1236508,0.008183218,-0.021454,-0.01274981,-0.1484203,-0.2711556,-0.2434292,0.02406567,0.2847991,351.5556,3.534844,347.328,-0.02009292,-0.4630291,-0.1042006,-0.2899863,-0.3095658,-0.9547402,-0.6455961,-0.2965671,0.2189312,311.2675,306.5491,18.14019,-0.2533456,-0.3160926,0.313265,0.1843742,-1.915465,-0.8209375,-0.4654668,-0.1835188,0.05595642,334.6141,189.7317,55.21899,
2234.379,-0.1132539,0.009059574,-0.02008555,-0.003310497,-0.2130308,-0.2501033,-0.2446947,0.02428627,0.2843683,351.4487,3.726921,347.5631,-0.02156061,-0.4669363,-0.05721215,-0.3367233,-0.3551546,-0.9642459,-0.6454505,-0.3028331,0.2187718,312.0779,306.8727,17.5097,-0.2581615,-0.2909437,0.3484425,-0.06728572,-1.977618,-1.298974,-0.4685469,-0.188377,0.06077284,332.6613,190.8786,55.63995,
2248.222,-0.10345,0.01018699,-0.01965861,-0.0004817907,-0.2835452,-0.2745457,-0.2458694,0.02441984,0.2839656,351.3563,3.940822,347.8923,-0.02644487,-0.4736376,-0.01086062,-0.3602098,-0.4558054,-0.9296398,-0.6455093,-0.3091955,0.2191523,312.9395,307.2499,17.02596,-0.2766884,-0.266773,0.3910463,-0.2715738,-2.189746,-1.43737,-0.471634,-0.1929716,0.06601515,330.7292,192.5829,55.33946,
2262.103,-0.09547031,0.009022687,-0.01990409,-0.01667848,-0.3277085,-0.3231657,-0.2470673,0.02444148,0.2836443,351.3113,4.122909,348.2731,-0.03550659,-0.4831931,0.03386265,-0.3404761,-0.609746,-0.8756497,-0.6458082,-0.3156553,0.2201699,313.8893,307.6087,16.77243,-0.3006927,-0.2478965,0.4328924,-0.108205,-2.540045,-1.1168,-0.4749797,-0.1973344,0.07173837,328.9713,194.6757,53.59185,
2275.862,-0.09074347,0.005013973,-0.02063333,-0.04553382,-0.3352336,-0.3728577,-0.2483188,0.02434373,0.2833189,351.2988,4.264447,348.6747,-0.05063947,-0.4963554,0.07861952,-0.2604114,-0.8458008,-0.8192191,-0.6464605,-0.3222145,0.2218622,315.0047,307.9096,16.86517,-0.3372792,-0.2578579,0.4538577,0.2258148,-2.763134,-0.2090459,-0.4789555,-0.2018793,0.07745985,328.3842,197.1116,50.41322,
2289.922,-0.08897649,-0.001188559,-0.02214578,-0.05428081,-0.3158078,-0.3949985,-0.2496595,0.02405018,0.2829597,351.245,4.36966,349.0186,-0.07208844,-0.5163359,0.1343275,-0.1212495,-1.225558,-0.8230754,-0.6471563,-0.3289561,0.2244615,316.5141,308.1772,17.34668,-0.3662222,-0.2891943,0.4571615,0.6476701,-2.819917,0.823985,-0.48287,-0.2060513,0.08303877,328.7574,199.5167,46.53386,
2303.798,-0.08867994,-0.007931423,-0.02349579,-0.03651927,-0.2954824,-0.3674874,-0.2509737,0.02370477,0.2826176,351.1731,4.499091,349.2698,-0.07843234,-0.5325808,0.1908338,-0.1481577,-1.548601,-0.843882,-0.6476747,-0.3355794,0.2275196,318.156,308.8964,17.51902,-0.3809907,-0.3021757,0.4697904,0.981836,-2.951594,1.240014,-0.4865306,-0.2102603,0.08898977,328.8429,202.0537,42.78967,
2317.458,-0.08706654,-0.01302759,-0.02442339,-0.01076732,-0.2815547,-0.2998797,-0.2521185,0.02343202,0.2822679,351.0898,4.651993,349.4249,-0.07141593,-0.5405493,0.2341271,-0.2327142,-1.675951,-0.8369015,-0.6480094,-0.3421386,0.2307821,319.6368,309.7751,17.45093,-0.39046,-0.3059086,0.4903848,0.9737878,-3.149023,1.044576,-0.4899091,-0.2151295,0.09515483,328.4592,204.9841,39.74109,
2331.436,-0.0833309,-0.01558847,-0.02468557,0.0104182,-0.2914421,-0.2310595,-0.2531315,0.02321601,0.2819289,350.9901,4.864961,349.5551,-0.0554558,-0.543566,0.2748167,-0.3658725,-1.655736,-0.7975557,-0.6480894,-0.3488723,0.2346813,320.8982,310.77,17.12169,-0.3938092,-0.3205722,0.5177141,0.6560357,-3.268215,0.6717701,-0.493019,-0.2203763,0.1017385,328.0505,208.1486,37.43666,
2345.418,-0.07763761,-0.01868666,-0.02571341,0.02758002,-0.3175893,-0.1994867,-0.2540622,0.02281314,0.2815264,350.8735,5.091028,349.7332,-0.03542778,-0.5427182,0.3097502,-0.5181534,-1.564599,-0.7172787,-0.6480553,-0.355593,0.2390072,321.9511,311.8566,16.61334,-0.3834696,-0.3352765,0.5495094,0.3673958,-3.27316,0.2870812,-0.4958434,-0.2255654,0.108747,327.5511,211.1907,35.53292,
2359.082,-0.0718853,-0.02398822,-0.02785128,0.01320732,-0.3320936,-0.2048121,-0.2549868,0.02230054,0.2811013,350.8332,5.28968,349.9693,-0.01562732,-0.5386131,0.3393842,-0.6602845,-1.41371,-0.6545355,-0.6478592,-0.3622105,0.2436819,322.8636,312.9138,15.95273,-0.3620751,-0.3479306,0.5928744,0.0686146,-3.252332,-0.1377495,-0.4984024,-0.231168,0.1164339,326.8164,214.2493,33.9258,
2373.346,-0.06696378,-0.02945789,-0.03126331,-0.04044591,-0.3109707,-0.2119043,-0.2558616,0.02180052,0.2805972,350.8951,5.433773,350.1892,-0.0007367581,-0.5323982,0.3632566,-0.7487817,-1.230615,-0.6644299,-0.6474991,-0.3686008,0.2485954,323.7624,313.7652,15.25146,-0.3399657,-0.3639351,0.6324726,-0.1204153,-3.261038,-0.3528943,-0.5006335,-0.2368198,0.1243248,326.2955,217.4301,32.1655,
2387.099,-0.06246714,-0.03252059,-0.03473411,-0.1172073,-0.268324,-0.1869687,-0.2566141,0.02141374,0.2800363,351.0562,5.569582,350.335,0.009683087,-0.5254115,0.3841378,-0.7398984,-1.113112,-0.7045332,-0.6469378,-0.3748992,0.2538661,324.7207,314.4043,14.74942,-0.3136593,-0.3856757,0.663666,-0.1663871,-3.228946,-0.4243224,-0.5025657,-0.2428568,0.13242,326.0276,220.5097,30.28033,
2400.747,-0.05668942,-0.03130453,-0.03775629,-0.1623365,-0.2435544,-0.1274094,-0.2572235,0.02114797,0.2794484,351.1778,5.761136,350.3958,0.0229564,-0.5185871,0.406413,-0.6764815,-1.115447,-0.7042558,-0.6460456,-0.3811212,0.2595518,325.7218,315.0477,14.4864,-0.280053,-0.4095182,0.6812426,-0.1470303,-3.080237,-0.3990275,-0.5041096,-0.2490654,0.1406699,325.9938,223.2017,28.56121,
2414.805,-0.04982359,-0.02615347,-0.0396082,-0.1648065,-0.2605835,-0.06522697,-0.2577441,0.0210067,0.2788759,351.2404,6.026972,350.4276,0.04797317,-0.5133129,0.4361853,-0.6936812,-1.222095,-0.6311914,-0.6446882,-0.3873894,0.265726,326.7379,316.0381,14.18397,-0.2469518,-0.4360737,0.6985651,-0.2581416,-2.968822,-0.3319866,-0.5052341,-0.2556503,0.1492656,326.1261,225.8831,27.16119,
2428.699,-0.04188709,-0.0194704,-0.04100615,-0.145907,-0.3020109,-0.02857983,-0.2582033,0.0209595,0.2782845,351.2654,6.334626,350.4812,0.08826806,-0.5049739,0.472334,-0.8872795,-1.286175,-0.476347,-0.642778,-0.393362,0.2724309,327.6187,317.5121,13.42415,-0.2140714,-0.4614758,0.7218983,-0.4488831,-2.911958,-0.3005461,-0.5058149,-0.2625594,0.1582186,326.2375,228.6575,25.99531,
2442.402,-0.03469479,-0.01335705,-0.04172844,-0.1257373,-0.3353918,-0.02127002,-0.2585719,0.02094436,0.2776706,351.2752,6.622966,350.5646,0.1376752,-0.4912344,0.5093338,-1.170294,-1.175747,-0.2977625,-0.6402369,-0.3991929,0.2796287,328.268,319.1179,12.17768,-0.1764625,-0.4874969,0.7514709,-0.5316719,-2.872811,-0.2212566,-0.506001,-0.2693914,0.1679558,326.5046,231.3616,24.84324,
2456.215,-0.02844746,-0.007920982,-0.0419448,-0.1127648,-0.3484404,-0.02002524,-0.2588737,0.02091014,0.2770939,351.2974,6.88817,350.6381,0.1762053,-0.4793871,0.5386277,-1.388383,-1.037583,-0.1572289,-0.6375667,-0.404956,0.287001,328.8725,320.6688,10.83514,-0.1503986,-0.4970568,0.7911295,-0.437344,-2.987286,-0.2661943,-0.5059835,-0.2759174,0.1779181,326.795,234.4076,23.17226,
2470.265,-0.02345203,-0.004186571,-0.04143616,-0.1017463,-0.3386047,-0.01620865,-0.259105,0.02090639,0.2765509,351.3199,7.126939,350.6902,0.2086187,-0.4677018,0.5641393,-1.535336,-0.8852501,-0.04137259,-0.6345826,-0.4105139,0.2947514,329.4174,322.1469,9.446766,-0.1236279,-0.5015123,0.8224385,-0.1711899,-3.06913,-0.3811915,-0.5057445,-0.2825625,0.1879511,327.2021,237.4215,21.11802,
2484.314,-0.01840061,-0.0009335712,-0.04072626,-0.1008084,-0.3175212,-0.01571001,-0.2592201,0.02102602,0.2759765,351.3592,7.339783,350.7535,0.2342067,-0.4563066,0.5853708,-1.56817,-0.7625069,0.02906348,-0.6313082,-0.4159919,0.3027795,329.9435,323.4529,8.20899,-0.1016405,-0.5165558,0.8442779,0.06424791,-3.199072,-0.375317,-0.5052407,-0.2895217,0.1980896,327.9955,240.5139,19.07093,
2497.92,-0.01260726,0.002796993,-0.03989236,-0.09190784,-0.3037517,-0.01252808,-0.259221,0.02124321,0.2753899,351.368,7.562461,350.801,0.2544689,-0.4490214,0.6079383,-1.512358,-0.7764745,0.01584351,-0.6277326,-0.4212142,0.3112728,330.6295,324.6554,7.28919,-0.07596651,-0.5364171,0.8687762,0.1920146,-3.383274,-0.3099727,-0.5039592,-0.2962503,0.2086258,329.072,243.768,17.22309,
2511.956,-0.0054373,0.005675931,-0.03931487,-0.07656656,-0.2982055,-0.02365501,-0.2590908,0.02140462,0.2747892,351.3564,7.77268,350.8895,0.2737501,-0.4421026,0.6298576,-1.381659,-0.9120973,-0.07581844,-0.6237695,-0.4261501,0.3199105,331.5207,325.7549,6.773736,-0.03576991,-0.5442077,0.9144835,0.1740125,-3.61935,-0.4887628,-0.5018322,-0.3030379,0.2200089,329.9059,247.4448,15.23606,
2525.904,0.002173026,0.006003995,-0.03910562,-0.0695119,-0.2910381,-0.05279204,-0.2588735,0.02137882,0.2742449,351.343,7.956333,351.0241,0.2988217,-0.433045,0.6479222,-1.143166,-1.176796,-0.1504383,-0.6192622,-0.4309309,0.3286918,332.4473,326.8581,6.783591,0.01664081,-0.5500918,0.9722617,0.1219717,-3.915939,-0.7668506,-0.4987302,-0.3099991,0.2317838,330.7316,251.562,13.03873,
2539.594,0.00946521,0.003081882,-0.03966193,-0.0796622,-0.2704518,-0.08718968,-0.2585897,0.02124822,0.2736707,351.3679,8.096314,351.1856,0.3317655,-0.4230782,0.6625419,-0.8494256,-1.565288,-0.2162185,-0.6142677,-0.4354668,0.3375176,333.4323,328.1021,7.297483,0.08052006,-0.5607348,1.008655,0.2529129,-4.026364,-1.015465,-0.4946643,-0.3168336,0.2431514,331.8372,255.4217,10.77737,
2553.763,0.01590252,-0.00299855,-0.0396727,-0.09646016,-0.2288677,-0.1201997,-0.2583035,0.02102685,0.2731873,351.4175,8.166586,351.3628,0.3743864,-0.4092578,0.6736468,-0.5924621,-1.967363,-0.2562196,-0.6085986,-0.4396987,0.3464099,334.4462,329.5568,8.058306,0.1552997,-0.5689658,1.005256,0.4551584,-3.819405,-1.182196,-0.4898319,-0.3238175,0.2541592,333.0234,258.5009,8.758609,
2567.518,0.02132014,-0.009385291,-0.03901583,-0.09932797,-0.1696018,-0.1264373,-0.2579745,0.02079803,0.2727464,351.4548,8.184935,351.4761,0.4269766,-0.3938724,0.681601,-0.4580638,-2.278634,-0.2234636,-0.6023127,-0.4437413,0.3554074,335.4076,331.2729,8.707455,0.2370778,-0.5776796,0.9896542,0.4403718,-3.665654,-1.129255,-0.4838628,-0.3310226,0.2649635,334.1775,261.3872,7.351292,
2581.477,0.02736473,-0.0148609,-0.03793713,-0.07638418,-0.1128881,-0.1115494,-0.2574724,0.02052176,0.2723078,351.4497,8.185157,351.5321,0.4846654,-0.3762563,0.6856275,-0.4836357,-2.408405,-0.1257537,-0.5952917,-0.4473877,0.3644009,336.2966,333.1291,8.972593,0.3107239,-0.5821586,0.9879975,0.1490102,-3.772118,-0.9356091,-0.4773701,-0.3381215,0.2757268,335.146,264.7166,6.508195,
2595.319,0.03512775,-0.02063033,-0.036196,-0.04146107,-0.08143155,-0.1031869,-0.2567391,0.02007222,0.2718577,351.4024,8.19205,351.6066,0.55073,-0.3452898,0.6815822,-0.6062705,-2.303348,0.1068848,-0.5873004,-0.4506038,0.373048,336.9199,334.9824,8.703645,0.4071989,-0.5779529,0.9993285,-0.2969942,-4.028838,-0.5112901,-0.468255,-0.3419427,0.2949883,335.8793,268.4279,6.357327,
2609.223,0.04523867,-0.02786603,-0.03486841,-0.01768995,-0.06497142,-0.1312191,-0.2558399,0.01946169,0.271402,351.3415,8.175295,351.7719,0.5990585,-0.3184035,0.6721485,-0.6754546,-2.159152,0.3479821,-0.579259,-0.4538673,0.3813444,337.355,336.8011,8.275282,0.4838984,-0.5738205,1.001341,-0.4973574,-4.075174,-0.06991836,-0.4579596,-0.3443275,0.3185526,336.5847,271.7083,6.549331,
2622.985,0.05626888,-0.03545426,-0.0338669,-0.02364535,-0.03971055,-0.1844333,-0.254793,0.01877159,0.2710253,351.3309,8.097263,352.0121,0.6488993,-0.2883454,0.657913,-0.71093,-2.022824,0.5832314,-0.5705696,-0.4566143,0.3895465,337.652,338.6484,7.700678,0.5672492,-0.5692169,0.9885685,-0.6382233,-3.972731,0.4990655,-0.4448171,-0.345854,0.3448911,337.0086,274.5873,7.341222,
2636.632,0.06702522,-0.04163777,-0.03250042,-0.04362945,0.007344843,-0.2284287,-0.2536088,0.01810324,0.2706599,351.3548,7.943956,352.2465,0.6875151,-0.2610581,0.6425333,-0.719178,-1.929784,0.6677092,-0.5612392,-0.4584261,0.3977931,338.0568,340.3653,7.250018,0.6335388,-0.5716871,0.9401663,-0.6159996,-3.869856,1.069127,-0.4346749,-0.3536366,0.3543651,337.3781,277.2887,8.530511,
2650.721,0.07782072,-0.04373858,-0.03108979,-0.06072669,0.07366813,-0.236185,-0.2522482,0.01759231,0.2702786,351.4032,7.738765,352.4098,0.7122976,-0.2368562,0.6236826,-0.6902211,-1.861493,0.5696604,-0.5516269,-0.4598963,0.405666,338.6287,341.7951,7.108222,0.6860182,-0.5791394,0.9028214,-0.3914174,-3.911282,1.439639,-0.4241209,-0.3614298,0.3636528,338.0442,280.163,9.71791,
2664.643,0.08916783,-0.04095013,-0.03016677,-0.06965854,0.1259681,-0.219032,-0.2506505,0.01724714,0.2698523,351.4579,7.542795,352.5335,0.7317429,-0.2129249,0.6012357,-0.6238723,-1.858146,0.3882087,-0.5416175,-0.4608974,0.4131215,339.2978,343.0778,7.288002,0.7364874,-0.5909541,0.8691195,-0.08565953,-3.923555,1.486134,-0.4130245,-0.3695492,0.3723892,338.9442,283.0099,10.57646,
2678.457,0.1053778,-0.03299392,-0.02981557,-0.09137117,0.1553444,-0.1891745,-0.2487451,0.01708955,0.2694305,351.562,7.386194,352.6414,0.7546423,-0.188745,0.5759604,-0.523191,-1.95612,0.2301259,-0.5314054,-0.4617944,0.4201108,339.9654,344.4655,7.700312,0.7816173,-0.6005183,0.8410637,0.1834153,-3.90571,1.361045,-0.4016942,-0.3775306,0.3806886,339.9396,285.8024,11.20929,
2692.532,0.1236107,-0.02377411,-0.03044169,-0.1230368,0.1571453,-0.1740456,-0.2465663,0.01699996,0.2689811,351.6941,7.2503,352.79,0.7820479,-0.1649972,0.5476578,-0.4141089,-2.100938,0.1166128,-0.5209053,-0.4625959,0.4265969,340.5981,345.9883,8.247155,0.8274026,-0.6039631,0.8086448,0.3787717,-3.855745,1.183316,-0.3898975,-0.3853761,0.3883075,340.9405,288.5396,11.73132,
2706.438,0.1431372,-0.01537,-0.03189161,-0.1656108,0.1473927,-0.1817076,-0.2441463,0.01691782,0.2685143,351.8569,7.118296,352.9942,0.8110012,-0.141483,0.5164331,-0.3041458,-2.232556,0.0501783,-0.5103365,-0.4634927,0.4325157,341.157,347.6047,8.843479,0.8655986,-0.6043257,0.7727974,0.5181251,-3.766985,0.8712346,-0.3780144,-0.3930016,0.3955969,342.0634,291.1456,11.99097,
2720.105,0.1626154,-0.007814252,-0.03415551,-0.2206737,0.1507091,-0.199298,-0.2414453,0.01697803,0.2679549,352.0849,6.950593,353.2236,0.8396492,-0.1145297,0.4780801,-0.2210187,-2.261467,0.01966491,-0.4993044,-0.4639896,0.4378747,341.6443,349.1457,9.376069,0.8993691,-0.6010337,0.7407104,0.6266749,-3.76666,0.5432686,-0.3658372,-0.4002797,0.4025211,343.3586,293.8564,12.1233,
2734.229,0.1812817,0.001017157,-0.03689161,-0.2704911,0.1713184,-0.2027902,-0.2385046,0.01725924,0.2673682,352.3386,6.758079,353.4146,0.8640675,-0.08911595,0.4440581,-0.1789797,-2.214557,0.05336536,-0.4877434,-0.4636422,0.4429725,342.0735,350.6392,9.741463,0.936684,-0.585717,0.708832,0.6863829,-3.847994,0.3301892,-0.3531341,-0.4069566,0.4086664,344.6391,296.7718,12.29623,
2748.059,0.2000219,0.01180682,-0.03907939,-0.2806484,0.1816364,-0.1872172,-0.235265,0.01777077,0.2667924,352.5309,6.600566,353.5608,0.8901762,-0.06410857,0.4101568,-0.1713961,-2.137524,0.1572697,-0.4758221,-0.4629762,0.4476377,342.4635,352.1603,9.887551,0.9809468,-0.5595848,0.6722966,0.6663134,-3.920865,0.163906,-0.3396868,-0.4130632,0.4141174,345.8319,299.7903,12.39988,
2761.932,0.2206411,0.02456554,-0.0407517,-0.253184,0.1644852,-0.176788,-0.2316638,0.01854986,0.2661661,352.6537,6.488911,353.7107,0.917935,-0.03771691,0.3750459,-0.1527332,-2.052319,0.3318426,-0.4635483,-0.4618323,0.4518056,342.7565,353.759,9.793927,1.027128,-0.5222499,0.6203929,0.5541881,-3.845259,-0.01229935,-0.3257118,-0.4185001,0.4186815,346.9178,302.5874,12.32035,
2775.616,0.2426143,0.0387187,-0.04211034,-0.1946278,0.1187687,-0.1775513,-0.2277725,0.01950145,0.2655346,352.6781,6.435281,353.8686,0.9429316,-0.01120349,0.3383831,-0.1016883,-1.944257,0.5146047,-0.4510354,-0.4604497,0.4554785,342.9279,355.3517,9.533239,1.072739,-0.4761022,0.5569902,0.389739,-3.694406,-0.1122195,-0.3112795,-0.4233826,0.4225124,347.8154,305.2051,12.13634,
2789.812,0.2645639,0.05100432,-0.04337543,-0.11599,0.06424414,-0.192984,-0.2236151,0.02037919,0.2649125,352.6124,6.407882,354.0468,0.9611873,0.01049351,0.3063697,-0.03065713,-1.859214,0.6400132,-0.4384634,-0.4589154,0.4588008,343.0286,356.9296,9.249602,1.116935,-0.4309692,0.50382,0.2463575,-3.689497,-0.101126,-0.2967571,-0.4279779,0.4259757,348.5914,308.0552,11.96867,
2803.492,0.2850994,0.05860345,-0.04519755,-0.05370303,0.02567443,-0.2242847,-0.219245,0.02119255,0.2642525,352.5342,6.365181,354.2672,0.9770495,0.03282529,0.2693272,0.07406659,-1.769493,0.7219707,-0.4257509,-0.4574955,0.4615218,342.9994,358.4536,8.945717,1.148744,-0.401192,0.4475098,0.1110276,-3.603348,-0.2166434,-0.2817692,-0.4323268,0.428333,349.5151,310.7254,11.67338,
2817.233,0.3031563,0.0600177,-0.04764003,-0.01450847,0.01222394,-0.2509494,-0.214677,0.02185965,0.263492,352.4618,6.293047,354.488,0.9885095,0.05050696,0.2333527,0.1817523,-1.731849,0.7043563,-0.4129527,-0.456077,0.4638428,342.9243,359.9339,8.822667,1.164418,-0.3743662,0.3832389,-0.09067972,-3.250576,-0.2713603,-0.266829,-0.4366869,0.4310538,350.2122,312.748,11.20786,
